transactions_id,sale_date,sale_time,customer_id,gender,age,category,quantity,price_per_unit,cogs,total_sale
1,2025-11-24,12:47:17,1126,Male,26,Home,4,246.54,118.02,986.16
2,2025-08-05,10:05:13,1120,Male,53,Clothing,2,125.73,65.72,251.46
3,2025-10-29,14:55:00,1389,Male,62,Beauty,1,44.18,31.01,44.18
4,2025-02-22,11:06:22,1434,Female,56,Clothing,2,31.73,15.59,63.46
5,2025-07-13,11:18:53,1322,Female,54,Clothing,3,35.78,25.23,107.34
6,2025-02-10,19:55:06,1195,Female,47,Electronics,2,379.16,196.84,758.32
7,2025-05-17,18:43:41,1037,Male,52,Home,2,82.29,63.90,164.58
8,2025-11-24,18:14:43,1167,Male,32,Home,2,287.61,135.71,575.22
9,2025-10-18,20:20:13,1336,Female,43,Sports,1,167.86,83.27,167.86
10,2025-10-15,16:47:37,1220,Female,41,Clothing,2,179.62,86.22,359.24
11,2025-01-25,19:09:40,1082,Female,56,Clothing,5,84.15,52.56,420.75
12,2025-10-11,19:00:43,1370,Male,61,Sports,3,192.70,108.35,578.10
13,2025-05-31,16:29:00,1489,Female,50,Home,1,192.46,126.32,192.46
14,2025-11-24,16:12:09,1192,Male,52,Sports,4,232.16,150.36,928.64
15,2025-09-08,09:59:23,1450,Female,33,Clothing,5,161.09,77.04,805.45
16,2025-09-06,19:48:34,1393,Male,26,Electronics,1,856.42,534.52,856.42
17,2025-11-07,15:13:59,1277,Male,63,Beauty,2,119.49,71.05,238.98
18,2025-09-22,16:15:14,1033,Female,19,Electronics,1,268.69,127.21,268.69
19,2025-11-20,10:04:57,1017,Female,22,Electronics,2,308.35,193.63,616.70
20,2025-10-20,17:15:50,1243,Female,30,Clothing,2,127.14,74.46,254.28
21,2025-01-28,18:41:06,1032,Female,64,Beauty,1,105.48,54.09,105.48
22,2025-08-18,12:11:17,1237,Male,22,Beauty,2,105.44,49.21,210.88
23,2025-10-04,19:05:59,1386,Male,28,Beauty,4,65.54,49.01,262.16
24,2025-03-26,15:24:16,1475,Female,36,Beauty,5,115.52,73.17,577.60
25,2025-09-07,12:18:13,1496,Male,55,Home,1,49.51,23.10,49.51
26,2025-09-02,16:54:33,1081,Male,50,Clothing,2,53.80,36.20,107.60
27,2025-05-01,15:56:36,1127,Male,57,Clothing,2,126.89,70.35,253.78
28,2025-05-14,13:45:20,1123,Female,43,Clothing,2,125.05,94.61,250.10
29,2025-02-07,09:39:36,1052,Male,52,Clothing,5,66.11,48.97,330.55
30,2025-05-06,15:10:28,1427,Female,57,Sports,2,205.63,137.85,411.26
31,2025-10-11,14:42:06,1481,Male,34,Clothing,2,41.59,22.45,83.18
32,2025-11-06,13:21:13,1352,Female,50,Beauty,4,110.06,52.88,440.24
33,2025-08-05,19:02:00,1171,Male,58,Sports,2,57.16,39.03,114.32
34,2025-10-15,09:04:56,1354,Male,52,Clothing,2,82.23,48.67,164.46
35,2025-01-22,14:57:59,1408,Male,40,Clothing,1,63.68,45.05,63.68
36,2025-07-28,21:47:09,1474,Male,28,Sports,4,206.48,94.60,825.92
37,2025-06-20,19:26:51,1343,Male,35,Clothing,2,133.70,61.87,267.40
38,2025-08-29,13:52:58,1236,Female,37,Home,1,308.82,206.23,308.82
39,2025-07-24,14:55:04,1496,Female,40,Electronics,5,407.74,255.63,2038.70
40,2025-01-15,12:16:11,1298,Female,20,Clothing,3,92.36,51.12,277.08
41,2025-11-07,21:07:24,1461,Male,34,Clothing,2,92.59,66.31,185.18
42,2025-12-18,18:47:47,1344,Male,41,Beauty,4,114.63,75.16,458.52
43,2025-12-06,19:46:57,1154,Female,60,Beauty,1,57.25,28.17,57.25
44,2025-08-04,17:24:43,1384,Male,57,Electronics,4,412.98,227.25,1651.92
45,2025-04-18,15:37:38,1336,Female,47,Beauty,2,85.94,61.18,171.88
46,2025-03-28,17:18:32,1340,Female,23,Home,3,270.36,141.70,811.08
47,2025-04-12,12:02:15,1244,Male,47,Beauty,1,81.13,55.15,81.13
48,2025-09-11,15:09:41,1353,Male,24,Home,3,100.03,67.99,300.09
49,2025-08-26,10:15:58,1435,Male,47,Clothing,2,97.02,61.55,194.04
50,2025-06-12,21:57:28,1314,Female,53,Beauty,4,31.71,18.98,126.84
51,2025-05-07,19:17:49,1399,Female,58,Clothing,3,93.18,49.14,279.54
52,2025-06-21,14:34:05,1071,Male,32,Beauty,1,31.04,18.22,31.04
53,2025-06-19,16:26:03,1106,Female,42,Sports,3,154.34,113.09,463.02
54,2025-10-22,15:00:22,1153,Female,44,Electronics,3,682.40,509.26,2047.20
55,2025-09-07,13:27:31,1015,Female,39,Electronics,3,734.48,534.24,2203.44
56,2025-03-07,21:34:01,1465,Female,55,Electronics,2,102.22,50.58,204.44
57,2025-08-25,13:16:24,1168,Male,,Beauty,2,94.93,66.28,189.86
58,2025-08-04,14:05:30,1010,Male,40,Clothing,5,35.64,16.51,178.20
59,2025-01-16,21:12:53,1011,Male,33,Clothing,2,128.77,67.21,257.54
60,2025-12-25,14:23:10,1311,Male,28,Sports,1,44.86,24.81,44.86
61,2025-12-13,20:24:25,1483,Male,22,Electronics,1,761.07,517.58,761.07
62,2025-06-04,19:38:51,1062,Male,40,Electronics,1,622.45,413.11,622.45
63,2025-01-07,19:52:31,1055,Female,41,Electronics,3,759.54,450.95,2278.62
64,2025-09-25,21:17:39,1414,Female,47,Beauty,1,91.76,67.08,91.76
65,2025-02-14,14:28:15,1385,Female,54,Electronics,1,390.77,285.58,390.77
66,2025-04-04,16:22:51,1133,Female,35,Sports,1,181.27,82.18,181.27
67,2025-04-08,11:46:26,1251,Male,62,Beauty,2,89.74,40.89,179.48
68,2025-05-31,13:44:15,1157,Female,48,Electronics,5,361.88,228.57,1809.40
69,2025-06-30,18:17:19,1129,Male,25,Home,3,130.98,100.04,392.94
70,2025-12-20,13:13:47,1248,Female,64,Electronics,2,703.37,544.10,1406.74
71,2025-04-10,14:23:11,1155,Male,63,Electronics,5,304.94,192.91,1524.70
72,2025-12-24,21:40:55,1386,Female,24,Sports,2,152.03,90.51,304.06
73,2025-04-05,21:16:55,1245,Male,22,Beauty,2,22.78,10.65,45.56
74,2025-03-18,19:19:05,1128,Male,53,Home,3,224.02,117.49,672.06
75,2025-09-25,15:58:28,1153,Female,37,Electronics,5,129.39,62.46,646.95
76,2025-04-17,17:16:42,1042,Male,33,Clothing,1,36.64,21.94,36.64
77,2025-11-01,16:02:14,1148,Female,62,Sports,1,36.37,19.54,36.37
78,2025-11-17,17:51:59,1102,Female,25,Electronics,4,611.06,441.67,2444.24
79,2025-02-06,10:50:19,1305,Female,46,Clothing,3,131.75,100.27,395.25
80,2025-09-14,16:28:05,1307,Male,45,Home,1,223.19,117.30,223.19
81,2025-12-12,19:36:37,1487,Male,61,Home,3,214.40,108.88,643.20
82,2025-09-23,17:58:17,1093,Female,58,Home,2,340.10,198.88,680.20
83,2025-06-14,17:54:10,1169,Female,62,Beauty,2,84.57,59.28,169.14
84,2025-01-19,16:20:16,1166,Male,43,Sports,1,209.73,154.55,209.73
85,2025-08-25,15:12:33,1186,Female,58,Beauty,1,20.42,10.07,20.42
86,2025-05-28,16:44:31,1063,Male,58,Electronics,1,276.22,174.51,276.22
87,2025-10-10,15:14:53,1468,Male,47,Sports,1,168.97,128.04,168.97
88,2025-05-30,16:17:26,1428,Female,48,Clothing,2,110.45,83.30,220.90
89,2025-09-18,18:08:55,1036,Female,44,Beauty,1,97.71,44.05,97.71
90,2025-06-02,19:37:42,1251,Male,46,Electronics,2,363.00,228.45,726.00
91,2025-08-22,20:55:12,1358,Male,54,Beauty,2,104.88,58.21,209.76
92,2025-08-31,18:51:24,1198,Male,49,Sports,5,49.04,27.44,245.20
93,2025-02-21,20:28:06,1270,Female,18,Home,3,161.19,80.75,483.57
94,2025-08-29,19:16:21,1320,Female,59,Clothing,3,75.93,47.54,227.79
95,2025-06-12,17:56:48,1250,Male,57,Clothing,4,122.83,95.70,491.32
96,2025-02-16,16:06:48,1325,Male,46,Clothing,1,71.42,39.78,71.42
97,2025-01-29,14:23:27,1075,Male,51,Beauty,1,86.59,43.97,86.59
98,2025-11-09,20:39:43,1124,Female,55,Clothing,1,96.48,51.55,96.48
99,2025-01-05,20:29:57,1148,Male,22,Beauty,2,51.28,33.89,102.56
100,2025-08-06,18:29:54,1155,Male,42,Sports,2,44.53,25.31,89.06
101,2025-06-01,21:18:01,1425,Female,35,Clothing,3,159.09,122.70,477.27
102,2025-11-07,18:53:57,1463,Female,32,Electronics,2,368.90,241.59,737.80
103,2025-12-14,18:49:42,1349,Male,58,Clothing,1,122.26,86.83,122.26
104,2025-01-18,17:46:08,1047,Female,38,Home,1,86.20,54.13,86.20
105,2025-07-07,16:58:17,1426,Male,34,Sports,5,237.16,129.82,1185.80
106,2025-06-23,19:29:04,1073,Male,61,Home,5,343.58,245.84,1717.90
107,2025-07-07,11:25:00,1136,Male,47,Beauty,1,93.65,53.92,93.65
108,2025-11-23,20:06:43,1120,Female,19,Electronics,1,853.40,555.84,853.40
109,2025-11-28,11:52:29,1466,Female,59,Beauty,5,29.68,16.34,148.40
110,2025-09-10,12:15:56,1276,Male,42,Beauty,3,85.40,65.09,256.20
111,2025-08-03,17:46:09,1454,Female,59,Clothing,2,100.85,77.05,201.70
112,2025-01-17,18:13:28,1228,Male,41,Clothing,2,131.28,101.44,262.56
113,2025-07-03,11:17:12,1496,Male,47,Clothing,2,57.88,44.59,115.76
114,2025-01-26,19:15:08,1403,Male,22,Home,2,207.35,148.94,414.70
115,2025-04-30,15:09:50,1462,Male,35,Sports,1,53.28,28.38,53.28
116,2025-03-31,12:55:01,1068,Male,40,Home,1,106.14,53.87,106.14
117,2025-01-27,12:26:33,1059,Male,48,Beauty,2,53.01,31.76,106.02
118,2025-04-24,21:02:46,1402,Female,47,Electronics,5,105.54,77.00,527.70
119,2025-08-07,18:31:45,1466,Female,22,Sports,1,94.09,46.26,94.09
120,2025-11-16,17:35:45,1167,Female,56,Electronics,2,452.05,218.22,904.10
121,2025-12-26,12:41:41,1450,Male,45,Beauty,1,38.99,23.38,38.99
122,2025-08-01,18:20:27,1161,Female,41,Sports,2,177.97,85.44,355.94
123,2025-02-13,11:06:47,1379,Female,26,Electronics,2,560.90,313.42,1121.80
124,2025-03-04,15:55:42,1482,Female,64,Clothing,1,69.58,33.69,69.58
125,2025-09-17,13:42:30,1115,Male,40,Home,3,147.62,94.40,442.86
126,2025-08-08,19:49:52,1319,Male,56,Sports,1,210.78,107.40,210.78
127,2025-12-26,18:58:21,1180,Male,29,Sports,2,150.25,74.65,300.50
128,2025-11-21,21:05:47,1272,Male,42,Beauty,2,50.79,34.95,101.58
129,2025-10-18,17:56:03,1080,Male,57,Clothing,2,37.65,22.21,75.30
130,2025-11-07,16:17:13,1387,Male,40,Beauty,3,44.74,27.32,134.22
131,2025-12-08,14:14:25,1307,Male,18,Clothing,3,171.53,120.44,514.59
132,2025-05-29,14:00:31,1383,Female,29,Clothing,1,107.55,68.23,107.55
133,2025-12-09,19:04:25,1442,Male,45,Clothing,4,167.78,107.38,671.12
134,2025-10-21,15:40:26,1149,Male,43,Clothing,3,75.34,49.27,226.02
135,2025-12-20,20:05:27,1433,Male,33,Beauty,1,57.05,42.06,57.05
136,2025-06-23,13:49:10,1040,Male,51,Electronics,1,822.86,567.80,822.86
137,2025-11-27,19:15:06,1075,Female,30,Clothing,3,48.69,23.12,146.07
138,2025-11-18,16:48:36,1390,Female,61,Sports,2,149.83,98.30,299.66
139,2025-11-18,14:28:04,1241,Female,58,Beauty,1,43.84,27.07,43.84
140,2025-06-08,16:02:03,1189,Female,22,Electronics,1,881.44,569.45,881.44
141,2025-07-16,16:35:50,1379,Male,46,Sports,1,151.48,98.41,151.48
142,2025-09-14,12:03:28,1053,Female,63,Clothing,1,125.15,85.54,125.15
143,2025-08-13,16:39:10,1187,Female,36,Beauty,3,96.32,45.01,288.96
144,2025-11-20,17:04:21,1049,Female,36,Clothing,5,156.99,101.87,784.95
145,2025-03-18,15:37:42,1073,Female,37,Sports,2,180.65,116.77,361.30
146,2025-02-13,14:24:41,1406,Female,26,Electronics,3,759.75,513.73,2279.25
147,2025-09-27,11:42:27,1261,Female,19,Beauty,1,33.93,25.88,33.93
148,2025-09-06,13:08:09,1040,Female,24,Electronics,3,522.61,325.98,1567.83
149,2025-12-05,15:49:39,1068,Female,27,Clothing,3,153.86,110.32,461.58
150,2025-03-26,18:02:26,1187,Male,46,Electronics,3,696.96,367.45,2090.88
151,2025-05-03,14:51:50,1241,Male,41,Electronics,2,547.74,385.56,1095.48
152,2025-07-15,16:26:10,1419,Male,56,Clothing,2,63.75,47.08,127.50
153,2025-10-11,20:45:54,1265,Male,36,Clothing,2,49.85,30.88,99.70
154,2025-08-12,11:58:14,1419,Female,40,Sports,2,115.43,66.19,230.86
155,2025-07-17,21:23:14,1015,Female,24,Home,3,237.99,117.90,713.97
156,2025-05-27,20:30:44,1426,Male,63,Beauty,4,79.61,36.32,318.44
157,2025-04-21,19:35:46,1312,Female,25,Home,1,106.04,56.06,106.04
158,2025-11-24,19:29:04,1057,Female,56,Electronics,2,598.20,411.03,1196.40
159,2025-05-30,15:39:22,1124,Female,29,Electronics,5,150.20,70.94,751.00
160,2025-09-27,16:50:32,1284,Male,42,Sports,2,30.01,17.20,60.02
161,2025-01-09,15:04:22,1124,Male,55,Home,1,136.41,85.96,136.41
162,2025-11-26,13:49:43,1238,Female,58,Clothing,3,45.90,34.95,137.70
163,2025-01-19,14:02:50,1103,Male,38,Sports,5,138.54,87.17,692.70
164,2025-05-10,10:41:12,1147,Female,21,Sports,1,96.34,55.05,96.34
165,2025-07-24,18:57:24,1174,Male,49,Home,3,147.55,79.38,442.65
166,2025-02-12,18:05:27,1309,Male,52,Clothing,1,40.90,22.40,40.90
167,2025-08-17,17:27:10,1354,Female,40,Beauty,4,91.32,59.62,365.28
168,2025-08-11,14:50:03,1039,Female,41,Electronics,1,694.92,319.86,694.92
169,2025-11-08,18:28:02,1065,Male,33,Home,2,147.23,93.81,294.46
170,2025-11-06,12:28:23,1191,Female,22,Electronics,2,514.16,341.58,1028.32
171,2025-05-08,21:01:47,1096,Female,51,Beauty,1,73.98,39.65,73.98
172,2025-08-17,13:39:18,1356,Female,30,Clothing,2,157.19,117.35,314.38
173,2025-08-16,21:51:43,1496,Female,60,Beauty,2,21.82,16.24,43.64
174,2025-03-22,18:59:44,1327,Male,41,Electronics,1,179.52,89.01,179.52
175,2025-09-10,09:35:36,1189,Female,53,Clothing,1,162.06,94.22,162.06
176,2025-09-03,16:49:26,1422,Male,26,Sports,2,167.74,113.13,335.48
177,2025-06-26,12:53:49,1283,Male,26,Beauty,1,110.62,54.31,110.62
178,2025-03-20,14:10:20,1479,Male,40,Sports,1,139.35,66.33,139.35
179,2025-04-11,17:35:17,1065,Female,57,Electronics,1,492.11,374.36,492.11
180,2025-03-20,13:39:46,1462,Female,54,Clothing,1,158.89,121.24,158.89
181,2025-10-23,14:13:49,1293,Female,57,Electronics,2,488.39,266.46,976.78
182,2025-06-04,16:51:51,1351,Female,37,Beauty,1,87.30,51.26,87.30
183,2025-08-26,13:38:09,1161,Female,64,Sports,2,99.44,69.71,198.88
184,2025-09-21,17:20:15,1239,Male,35,Beauty,1,29.79,22.70,29.79
185,2025-11-12,15:55:57,1082,Female,54,Home,1,90.75,70.66,90.75
186,2025-08-28,16:19:31,1012,Male,43,Electronics,1,872.68,494.33,872.68
187,2025-01-26,14:38:56,1432,Female,36,Electronics,2,774.68,574.20,1549.36
188,2025-07-07,18:23:02,1206,Male,54,Electronics,1,377.27,217.87,377.27
189,2025-08-19,18:17:52,1320,Male,26,Sports,3,110.60,62.15,331.80
190,2025-07-07,18:12:38,1261,Female,50,Clothing,3,31.03,22.20,93.09
191,2025-09-23,16:38:57,1264,Male,38,Sports,2,93.26,60.94,186.52
192,2025-06-03,17:32:53,1261,Female,63,Electronics,1,469.41,262.55,469.41
193,2025-02-26,21:37:19,1408,Male,56,Beauty,3,116.54,82.29,349.62
194,2025-10-23,13:03:37,1246,Male,51,Electronics,4,588.18,293.36,2352.72
195,2025-12-15,14:36:44,1057,Male,19,Beauty,2,58.97,30.50,117.94
196,2025-09-14,18:58:30,1447,Male,63,Clothing,1,57.14,38.20,57.14
197,2025-09-27,15:11:29,1468,Female,52,Beauty,3,96.06,63.62,288.18
198,2025-12-21,14:30:12,1491,Male,35,Electronics,5,264.39,144.94,1321.95
199,2025-05-28,18:44:45,1251,Female,48,Beauty,3,113.04,61.07,339.12
200,2025-03-04,17:34:24,1459,Female,40,Sports,1,205.06,111.74,205.06
201,2025-02-10,15:28:41,1132,Female,31,Clothing,5,108.48,73.74,542.40
202,2025-03-12,12:47:37,1123,Male,21,Electronics,2,515.45,240.88,1030.90
203,2025-07-31,15:30:06,1349,Male,18,Sports,1,244.92,162.98,244.92
204,2025-09-01,16:12:48,1494,Female,38,Clothing,3,34.17,22.73,102.51
205,2025-04-29,16:46:54,1480,Male,29,Beauty,5,102.95,47.56,514.75
206,2025-07-23,19:11:59,1384,Female,20,Clothing,1,113.03,87.53,113.03
207,2025-05-26,16:41:34,1269,Female,26,Sports,1,127.64,62.18,127.64
208,2025-03-25,18:41:16,1368,Male,18,Home,2,283.05,198.11,566.10
209,2025-03-31,17:40:57,1208,Female,50,Beauty,1,57.09,44.19,57.09
210,2025-09-02,14:15:00,1134,Female,33,Beauty,1,43.03,27.63,43.03
211,2025-10-21,09:41:23,1355,Male,21,Electronics,1,461.62,312.24,461.62
212,2025-12-27,18:44:07,1328,Female,41,Electronics,1,259.69,129.99,259.69
213,2025-11-07,15:44:35,1468,Female,52,Home,3,294.19,198.43,882.57
214,2025-11-02,20:05:33,1229,Female,22,Sports,3,45.81,34.26,137.43
215,2025-04-14,17:09:10,1168,Female,25,Home,2,259.41,193.68,518.82
216,2025-08-17,19:29:08,1263,Female,47,Electronics,3,538.21,296.93,1614.63
217,2025-01-12,15:52:00,1382,Male,55,Clothing,3,90.67,56.99,272.01
218,2025-01-31,20:04:59,1242,Male,36,Beauty,3,95.74,73.99,287.22
219,2025-11-27,21:23:57,1196,Female,42,Beauty,3,86.69,54.44,260.07
220,2025-12-01,19:07:11,1276,Female,51,Clothing,4,176.70,123.61,706.80
221,2025-06-02,16:46:34,1218,Female,32,Clothing,1,78.65,59.72,78.65
222,2025-02-27,10:42:26,1315,Male,33,Clothing,1,40.64,26.31,40.64
223,2025-12-27,20:15:47,1023,Female,46,Clothing,4,58.68,27.50,234.72
224,2025-09-15,21:14:52,1470,Female,54,Electronics,1,631.48,347.05,631.48
225,2025-03-15,21:33:14,1212,Female,35,Clothing,4,172.02,129.16,688.08
226,2025-11-17,18:35:31,1025,Female,59,Electronics,1,724.36,425.48,724.36
227,2025-03-18,14:11:48,1276,Female,33,Home,3,126.24,90.38,378.72
228,2025-01-30,17:26:35,1272,Male,42,Clothing,2,56.52,42.63,113.04
229,2025-07-09,11:46:53,1098,Male,35,Beauty,1,78.52,37.22,78.52
230,2025-10-28,18:35:13,1246,Male,39,Beauty,1,110.44,56.62,110.44
231,2025-03-02,18:48:30,1469,Male,62,Electronics,4,247.70,156.59,990.80
232,2025-05-25,15:34:41,1184,Female,34,Beauty,2,107.70,77.00,215.40
233,2025-08-29,18:20:58,1105,Female,38,Beauty,1,74.07,36.90,74.07
234,2025-05-14,17:37:37,1369,Female,36,Clothing,2,76.13,55.19,152.26
235,2025-09-13,16:43:21,1132,Female,64,Electronics,1,482.29,343.56,482.29
236,2025-03-28,12:34:31,1095,Male,51,Clothing,5,156.24,104.76,781.20
237,2025-01-04,15:53:40,1119,Male,63,Clothing,2,58.90,27.68,117.80
238,2025-11-23,17:39:58,1248,Female,19,Clothing,1,110.50,69.03,110.50
239,2025-05-21,16:18:01,1258,Female,29,Clothing,1,39.93,20.50,39.93
240,2025-09-27,14:22:17,1408,Female,23,Beauty,2,57.63,44.77,115.26
241,2025-04-26,14:52:54,1042,Male,23,Beauty,2,54.60,36.04,109.20
242,2025-12-26,13:31:54,1223,Female,54,Sports,4,243.98,183.80,975.92
243,2025-04-28,13:55:44,1455,Female,35,Clothing,4,36.52,27.27,146.08
244,2025-10-16,17:11:59,1436,Female,19,Sports,3,155.02,106.22,465.06
245,2025-07-23,20:19:10,1289,Male,54,Home,4,154.53,86.46,618.12
246,2025-03-13,19:44:46,1041,Female,21,Clothing,1,60.98,39.62,60.98
247,2025-11-11,21:25:49,1168,Male,58,Clothing,2,178.85,101.48,357.70
248,2025-07-12,15:43:37,1339,Female,23,Home,1,124.52,59.05,124.52
249,2025-05-18,12:45:50,1325,Male,65,Beauty,1,52.87,40.24,52.87
250,2025-08-16,15:17:06,1068,Male,29,Beauty,2,73.48,35.57,146.96
251,2025-02-15,15:05:38,1307,Female,42,Clothing,3,89.14,61.44,267.42
252,2025-10-14,20:15:36,1267,Male,61,Beauty,1,29.58,18.12,29.58
253,2025-02-02,13:17:26,1154,Female,22,Beauty,3,114.14,70.04,342.42
254,2025-11-12,13:06:08,1156,Male,43,Beauty,3,80.12,44.77,240.36
255,2025-06-21,15:52:55,1334,Male,37,Beauty,1,114.46,63.37,114.46
256,2025-07-23,21:18:47,1356,Female,54,Home,1,134.28,95.25,134.28
257,2025-07-06,12:36:12,1304,Male,61,Home,3,38.61,29.39,115.83
258,2025-04-18,16:18:53,1355,Male,44,Electronics,1,194.13,103.55,194.13
259,2025-03-20,18:50:24,1038,Female,56,Beauty,2,57.08,43.02,114.16
260,2025-12-21,15:02:50,1496,Female,62,Sports,2,143.49,68.59,286.98
261,2025-05-08,17:22:10,1332,Male,54,Sports,2,175.82,122.79,351.64
262,2025-08-09,12:06:16,1114,Male,46,Beauty,3,63.62,43.12,190.86
263,2025-03-19,15:01:30,1054,Female,44,Sports,4,39.75,27.47,159.00
264,2025-06-28,14:29:50,1106,Female,40,Beauty,3,61.01,33.88,183.03
265,2025-06-03,10:45:07,1012,Female,59,Clothing,4,149.01,103.47,596.04
266,2025-09-22,13:10:21,1287,Female,47,Clothing,1,87.78,58.05,87.78
267,2025-08-10,15:47:39,1453,Male,46,Electronics,3,398.85,206.57,1196.55
268,2025-12-27,19:04:36,1053,Male,41,Beauty,1,63.04,46.31,63.04
269,2025-09-28,21:20:38,1199,Female,55,Clothing,2,79.56,40.33,159.12
270,2025-12-11,18:19:58,1315,Male,61,Clothing,1,43.27,22.09,43.27
271,2025-12-22,12:24:26,1306,Male,54,Beauty,2,34.50,23.42,69.00
272,2025-11-27,20:11:35,1086,Female,36,Clothing,2,73.76,34.50,147.52
273,2025-07-03,21:31:08,1100,Female,53,Electronics,3,485.88,285.29,1457.64
274,2025-08-16,16:05:36,1016,Male,36,Clothing,1,59.85,42.35,59.85
275,2025-10-17,18:49:31,1282,Male,54,Clothing,3,145.14,82.88,435.42
276,2025-01-22,18:28:34,1112,Female,24,Home,1,239.17,176.67,239.17
277,2025-01-17,16:22:55,1419,Male,46,Sports,3,47.00,24.41,141.00
278,2025-10-29,18:55:45,1313,Female,28,Electronics,3,723.58,517.94,2170.74
279,2025-10-19,15:17:38,1276,Male,38,Sports,2,87.31,66.73,174.62
280,2025-09-21,21:43:52,1049,Male,44,Sports,4,248.27,122.12,993.08
281,2025-03-09,14:45:20,1425,Male,61,Beauty,2,29.93,19.67,59.86
282,2025-07-12,16:40:50,1451,Male,43,Electronics,5,308.15,176.20,1540.75
283,2025-09-07,14:00:55,1397,Male,64,Sports,3,166.01,121.28,498.03
284,2025-10-01,15:27:52,1109,Female,35,Beauty,2,44.78,22.08,89.56
285,2025-09-06,19:57:43,1391,Male,20,Clothing,2,146.50,71.93,293.00
286,2025-03-22,16:00:27,1104,Male,59,Beauty,4,106.81,51.35,427.24
287,2025-07-04,14:23:42,1463,Male,21,Beauty,3,47.08,24.82,141.24
288,2025-12-02,11:06:00,1110,Female,22,Clothing,3,60.06,27.21,180.18
289,2025-12-23,15:07:55,1217,Male,48,Clothing,3,84.38,40.82,253.14
290,2025-06-10,15:19:08,1196,Male,59,Sports,2,52.86,23.93,105.72
291,2025-11-29,12:22:46,1110,Male,44,Electronics,1,442.75,330.24,442.75
292,2025-03-13,18:37:46,1197,Female,45,Beauty,1,29.68,14.18,29.68
293,2025-10-11,17:46:38,1146,Male,60,Sports,2,67.25,34.45,134.50
294,2025-07-20,14:03:50,1460,Male,49,Beauty,2,40.31,19.08,80.62
295,2025-01-07,21:59:20,1068,Female,54,Beauty,1,72.37,43.82,72.37
296,2025-02-07,09:04:00,1135,Male,20,Sports,2,238.20,129.71,476.40
297,2025-12-31,16:26:27,1360,Female,23,Electronics,1,520.88,248.77,520.88
298,2025-02-10,16:13:51,1080,Female,43,Electronics,2,705.84,467.44,1411.68
299,2025-06-08,18:46:54,1123,Male,33,Clothing,2,92.34,60.11,184.68
300,2025-06-08,17:42:47,1090,Male,18,Home,1,254.48,194.55,254.48
301,2025-09-25,16:52:46,1133,Male,41,Clothing,1,146.07,108.46,146.07
302,2025-01-16,15:27:17,1269,Male,34,Home,1,214.53,128.76,214.53
303,2025-07-04,10:54:36,1086,Female,28,Clothing,2,40.95,28.19,81.90
304,2025-04-27,18:00:02,1440,Male,33,Clothing,4,81.42,41.45,325.68
305,2025-01-19,17:58:45,1380,Female,32,Beauty,3,58.71,31.67,176.13
306,2025-02-09,17:07:32,1345,Male,29,Clothing,1,104.94,61.11,104.94
307,2025-08-27,20:49:54,1160,Female,23,Electronics,1,86.53,55.04,86.53
308,2025-06-05,18:15:29,1189,Female,30,Home,3,204.90,102.39,614.70
309,2025-07-29,09:34:22,1326,Male,39,Clothing,4,126.88,87.54,507.52
310,2025-02-23,13:15:26,1252,Male,27,Home,4,59.77,44.59,239.08
311,2025-09-24,15:57:23,1235,Male,55,Clothing,3,45.69,21.69,137.07
312,2025-10-18,11:42:08,1122,Female,34,Sports,2,232.99,168.81,465.98
313,2025-06-17,14:17:14,1039,Male,26,Home,1,217.11,109.48,217.11
314,2025-08-27,14:07:34,1184,Male,46,Beauty,1,42.83,21.50,42.83
315,2025-12-18,14:45:44,1309,Male,31,Home,1,134.89,71.75,134.89
316,2025-07-02,15:03:43,1154,Female,29,Clothing,2,87.68,61.10,175.36
317,2025-05-08,11:06:51,1407,Male,25,Clothing,5,153.71,75.80,768.55
318,2025-07-25,15:40:41,1044,Female,22,Clothing,4,34.99,20.87,139.96
319,2025-03-07,11:54:53,1415,Female,25,Clothing,1,96.45,61.67,96.45
320,2025-07-22,16:24:43,1219,Male,40,Clothing,1,54.01,40.05,54.01
321,2025-01-18,17:39:15,1332,Female,49,Beauty,1,72.82,39.49,72.82
322,2025-03-12,15:41:56,1409,Male,58,Sports,1,145.04,83.58,145.04
323,2025-07-03,16:50:31,1177,Female,42,Clothing,2,29.04,13.35,58.08
324,2025-05-24,10:30:33,1184,Male,28,Clothing,1,126.81,91.22,126.81
325,2025-01-29,18:14:36,1434,Female,40,Sports,1,248.05,130.99,248.05
326,2025-06-12,19:44:22,1468,Male,63,Home,2,333.22,211.87,666.44
327,2025-04-07,19:51:56,1497,Female,52,Beauty,1,66.50,35.03,66.50
328,2025-04-23,09:30:00,1170,Male,26,Beauty,3,33.63,24.77,100.89
329,2025-01-31,09:37:45,1470,Male,25,Home,5,305.41,175.09,1527.05
330,2025-12-06,15:06:21,1155,Female,26,Sports,2,188.44,124.55,376.88
331,2025-09-07,17:11:45,1496,Female,32,Electronics,2,747.85,517.68,1495.70
332,2025-05-31,12:46:00,1486,Female,54,Clothing,4,118.37,91.06,473.48
333,2025-04-24,17:06:59,1255,Male,39,Home,5,106.16,53.65,530.80
334,2025-02-15,19:42:40,1374,Female,46,Clothing,3,57.50,32.53,172.50
335,2025-02-25,18:03:24,1225,Female,28,Sports,2,133.41,84.07,266.82
336,2025-02-21,19:50:55,1296,Male,28,Beauty,1,98.92,45.17,98.92
337,2025-05-14,21:04:21,1088,Female,28,Home,4,205.05,98.57,820.20
338,2025-11-01,21:57:30,1361,Male,45,Sports,4,57.95,29.08,231.80
339,2025-02-21,15:12:26,1357,Female,60,Clothing,1,61.82,39.48,61.82
340,2025-09-09,12:23:00,1219,Male,36,Home,2,230.03,110.88,460.06
341,2025-04-16,13:18:05,1243,Male,37,Home,4,180.70,97.12,722.80
342,2025-11-25,16:11:23,1454,Female,41,Clothing,2,31.92,17.14,63.84
343,2025-05-18,17:09:48,1357,Male,23,Electronics,2,742.71,519.62,1485.42
344,2025-04-27,17:53:24,1420,Female,52,Home,2,329.64,173.97,659.28
345,2025-06-03,11:57:54,1366,Male,50,Electronics,2,503.79,390.09,1007.58
346,2025-03-17,12:48:28,1089,Male,31,Home,2,70.38,54.62,140.76
347,2025-08-11,13:52:40,1076,Female,38,Sports,1,230.26,133.11,230.26
348,2025-07-23,16:54:17,1267,Female,18,Home,2,229.38,134.98,458.76
349,2025-08-01,12:36:37,1299,Male,24,Electronics,1,162.81,102.04,162.81
350,2025-06-26,20:16:24,1336,Female,54,Electronics,1,110.72,55.08,110.72
351,2025-11-08,18:25:02,1203,Female,62,Clothing,4,140.59,104.88,562.36
352,2025-01-11,15:50:19,1160,Female,49,Sports,5,177.52,93.24,887.60
353,2025-06-03,21:28:49,1423,Female,35,Home,1,223.59,133.21,223.59
354,2025-07-28,18:48:33,1445,Female,21,Electronics,1,210.36,129.84,210.36
355,2025-03-11,19:33:56,1292,Male,29,Clothing,4,154.10,82.03,616.40
356,2025-08-22,10:23:45,1102,Female,41,Home,2,191.64,94.07,383.28
357,2025-01-16,14:31:38,1229,Male,48,Electronics,1,366.80,273.33,366.80
358,2025-12-19,11:01:24,1026,Male,54,Home,1,98.58,51.68,98.58
359,2025-04-16,14:26:32,1011,Male,48,Sports,2,168.90,76.48,337.80
360,2025-05-10,17:19:45,1496,Female,45,Sports,2,215.86,112.68,431.72
361,2025-06-04,18:52:39,1204,Male,18,Electronics,4,623.13,357.36,2492.52
362,2025-11-28,17:18:19,1351,Male,48,Clothing,2,178.20,130.85,356.40
363,2025-05-14,17:57:41,1153,Male,27,Electronics,1,277.05,203.05,277.05
364,2025-11-04,15:20:43,1072,Male,59,Beauty,4,46.04,26.87,184.16
365,2025-01-19,17:36:52,1098,Female,64,Home,2,249.62,151.52,499.24
366,2025-12-10,15:19:54,1088,Male,36,Clothing,1,44.83,32.13,44.83
367,2025-04-04,21:57:21,1336,Male,32,Beauty,1,93.14,66.14,93.14
368,2025-06-19,15:37:18,1238,Male,48,Clothing,2,123.33,80.76,246.66
369,2025-08-30,20:32:07,1445,Female,51,Clothing,4,33.38,16.53,133.52
370,2025-04-13,15:36:57,1465,Female,27,Beauty,3,90.15,55.07,270.45
371,2025-11-20,21:20:40,1030,Male,46,Clothing,1,142.98,100.41,142.98
372,2025-09-08,19:49:05,1067,Female,58,Beauty,2,60.05,27.12,120.10
373,2025-10-01,13:23:00,1457,Female,51,Clothing,2,129.90,69.12,259.80
374,2025-12-22,20:19:08,1053,Female,50,Electronics,3,216.96,118.98,650.88
375,2025-05-29,16:33:38,1269,Female,45,Sports,1,248.96,186.09,248.96
376,2025-07-03,18:10:58,1471,Female,19,Clothing,1,137.71,95.33,137.71
377,2025-10-29,16:07:23,1365,Male,42,Sports,2,78.83,36.74,157.66
378,2025-01-25,17:41:53,1011,Male,62,Clothing,1,93.87,50.07,93.87
379,2025-12-26,12:44:43,1323,Male,37,Beauty,2,25.60,16.78,51.20
380,2025-12-25,12:53:57,1054,Male,36,Clothing,1,41.47,21.40,41.47
381,2025-05-15,19:12:22,1361,Female,36,Clothing,4,109.96,74.45,439.84
382,2025-09-04,15:00:00,1344,Male,25,Home,1,244.09,117.10,244.09
383,2025-09-19,11:46:06,1464,Female,59,Clothing,1,178.24,107.52,178.24
384,2025-02-21,19:55:02,1437,Female,41,Home,3,130.07,62.61,390.21
385,2025-01-24,09:08:42,1332,Male,39,Beauty,2,60.96,45.10,121.92
386,2025-02-17,15:21:11,1059,Female,43,Sports,2,82.52,60.30,165.04
387,2025-08-04,17:51:10,1058,Male,62,Home,4,344.10,166.62,1376.40
388,2025-10-30,16:36:43,1225,Male,57,Beauty,1,52.65,35.58,52.65
389,2025-03-08,16:31:07,1455,Female,46,Clothing,1,65.55,44.74,65.55
390,2025-12-14,16:47:36,1371,Male,60,Sports,3,139.39,91.16,418.17
391,2025-08-10,17:15:30,1178,Female,27,Home,5,208.67,97.66,1043.35
392,2025-11-26,20:32:54,1241,Female,28,Clothing,1,101.21,77.95,101.21
393,2025-01-26,16:35:41,1194,Female,33,Clothing,2,93.85,44.96,187.70
394,2025-09-13,16:07:31,1382,Male,24,Beauty,2,18.76,13.56,37.52
395,2025-11-06,21:40:19,1456,Male,59,Electronics,2,859.29,402.07,1718.58
396,2025-04-25,19:21:35,1393,Female,63,Electronics,1,667.05,467.32,667.05
397,2025-04-24,09:22:53,1325,Female,53,Electronics,1,655.72,330.60,655.72
398,2025-03-13,19:47:46,1210,Male,34,Electronics,5,233.79,135.52,1168.95
399,2025-08-23,19:12:45,1174,Male,44,Clothing,3,123.15,60.43,369.45
400,2025-08-19,16:37:32,1069,Female,18,Electronics,5,119.83,87.09,599.15
401,2025-09-05,20:49:58,1467,Male,62,Electronics,1,679.01,392.36,679.01
402,2025-11-04,17:20:32,1452,Female,44,Sports,3,230.66,124.62,691.98
403,2025-06-25,21:28:51,1069,Male,44,Electronics,2,806.88,587.58,1613.76
404,2025-10-08,19:45:47,1479,Male,30,Clothing,3,135.73,102.34,407.19
405,2025-03-09,21:41:11,1258,Female,63,Clothing,2,79.60,50.81,159.20
406,2025-12-08,18:43:47,1458,Female,45,Home,1,197.27,98.23,197.27
407,2025-12-10,10:17:48,1403,Male,36,Home,1,76.86,54.48,76.86
408,2025-04-15,18:02:22,1417,Female,24,Electronics,2,633.93,332.19,1267.86
409,2025-11-28,17:15:32,1402,Female,62,Electronics,2,839.72,642.98,1679.44
410,2025-12-17,14:35:03,1007,Female,30,Electronics,4,720.36,521.46,2881.44
411,2025-11-21,18:41:23,1387,Male,64,Sports,1,87.66,59.19,87.66
412,2025-04-06,21:47:32,1062,Female,20,Beauty,1,73.44,47.20,73.44
413,2025-05-11,09:29:45,1480,Male,20,Clothing,1,75.01,56.83,75.01
414,2025-11-12,19:19:31,1405,Female,22,Home,1,131.71,67.26,131.71
415,2025-02-04,19:10:26,1279,Female,23,Beauty,3,107.76,60.26,323.28
416,2025-05-31,13:48:39,1272,Female,53,Home,1,343.96,230.71,343.96
417,2025-08-17,14:41:39,1471,Male,20,Home,4,132.70,101.10,530.80
418,2025-07-17,14:46:18,1013,Female,50,Home,1,172.58,128.82,172.58
419,2025-04-09,14:05:06,1086,Male,58,Clothing,3,128.90,94.80,386.70
420,2025-08-06,19:13:34,1425,Female,59,Home,3,53.08,24.30,159.24
421,2025-06-19,10:04:03,1092,,53,Clothing,4,152.35,89.05,609.40
422,2025-08-19,17:27:20,1009,Female,61,Clothing,3,25.91,12.20,77.73
423,2025-10-27,10:54:04,1184,Male,36,Home,1,126.43,88.82,126.43
424,2025-08-13,15:52:42,1016,Female,28,Electronics,2,191.83,136.81,383.66
425,2025-10-07,14:40:09,1153,Female,18,Electronics,1,535.16,241.71,535.16
426,2025-11-02,15:35:05,1157,Male,65,Home,1,262.30,196.43,262.30
427,2025-09-20,12:11:14,1316,Female,30,Clothing,2,129.00,60.37,258.00
428,2025-10-09,16:35:04,1149,Male,34,Clothing,2,137.47,76.87,274.94
429,2025-03-07,17:15:06,1146,Male,30,Beauty,2,62.32,34.33,124.64
430,2025-10-27,12:36:23,1414,Female,45,Clothing,3,73.55,50.38,220.65
431,2025-11-25,16:53:23,1069,Female,48,Beauty,1,52.67,33.29,52.67
432,2025-03-31,17:05:53,1144,Male,52,Clothing,2,138.70,95.71,277.40
433,2025-01-10,19:40:01,1417,Female,55,Clothing,1,30.68,22.86,30.68
434,2025-10-04,16:49:09,1188,Female,32,Sports,4,155.61,76.90,622.44
435,2025-09-14,16:25:23,1258,Male,60,Clothing,5,174.42,117.87,872.10
436,2025-09-21,12:10:11,1290,Male,65,Home,1,330.54,231.80,330.54
437,2025-04-29,11:23:14,1022,Male,51,Sports,2,103.09,61.86,206.18
438,2025-01-24,10:41:20,1053,Female,65,Clothing,1,109.37,72.81,109.37
439,2025-07-07,17:57:53,1040,Female,42,Sports,2,71.27,51.29,142.54
440,2025-06-26,16:30:56,1310,Male,50,Sports,1,121.18,75.11,121.18
441,2025-05-24,13:11:10,1186,Male,60,Clothing,3,150.73,91.78,452.19
442,2025-09-03,16:37:10,1332,Female,19,Clothing,2,44.82,22.16,89.64
443,2025-09-20,10:36:09,1029,Male,34,Sports,2,138.83,106.88,277.66
444,2025-11-23,09:46:46,1339,Female,23,Clothing,2,119.01,72.47,238.02
445,2025-04-23,19:38:09,1407,Male,57,Electronics,3,296.91,167.18,890.73
446,2025-08-21,17:04:14,1194,Female,26,Clothing,4,56.36,34.74,225.44
447,2025-08-03,19:38:06,1091,Female,57,Electronics,2,799.76,558.46,1599.52
448,2025-02-17,16:08:57,1309,Male,61,Electronics,2,508.08,235.92,1016.16
449,2025-09-29,15:51:30,1405,Female,40,Electronics,3,687.94,467.74,2063.82
450,2025-02-20,15:16:30,1393,Male,23,Clothing,2,160.90,82.44,321.80
451,2025-12-30,18:00:36,1268,Male,51,Clothing,3,126.45,70.08,379.35
452,2025-07-05,12:27:41,1300,Female,34,Sports,2,117.42,63.52,234.84
453,2025-12-15,15:13:26,1283,Female,29,Beauty,1,73.27,40.39,73.27
454,2025-06-26,18:25:47,1071,Male,65,Clothing,5,146.38,70.71,731.90
455,2025-09-18,15:21:51,1282,Male,28,Beauty,3,81.77,59.01,245.31
456,2025-08-30,20:27:05,1033,Female,32,Beauty,3,78.95,59.78,236.85
457,2025-07-25,17:33:18,1365,Male,29,Electronics,1,439.96,293.35,439.96
458,2025-09-23,14:02:50,1307,Male,57,Clothing,1,30.59,13.77,30.59
459,2025-03-22,11:17:49,1205,Female,60,Beauty,2,76.54,53.06,153.08
460,2025-02-05,20:35:18,1372,Female,40,Sports,2,83.60,42.99,167.20
461,2025-07-26,17:16:11,1209,Male,53,Clothing,5,70.61,50.48,353.05
462,2025-05-12,20:52:50,1295,Female,62,Beauty,2,54.59,28.95,109.18
463,2025-06-23,21:29:43,1236,Male,48,Clothing,2,35.47,27.60,70.94
464,2025-12-13,18:51:20,1212,Female,51,Electronics,1,654.67,356.67,654.67
465,2025-07-24,18:52:21,1039,Male,48,Beauty,2,37.95,19.37,75.90
466,2025-12-16,20:12:31,1378,Male,33,Home,1,309.28,159.87,309.28
467,2025-05-08,19:22:09,1399,Male,25,Sports,3,175.44,114.49,526.32
468,2025-10-05,21:54:30,1191,Female,49,Sports,2,222.63,120.37,445.26
469,2025-04-04,21:58:32,1144,Female,32,Home,2,71.04,41.89,142.08
470,2025-10-04,10:22:25,1441,Male,47,Sports,2,180.60,122.35,361.20
471,2025-01-07,18:24:37,1052,Female,41,Electronics,2,292.95,154.75,585.90
472,2025-08-30,21:21:23,1095,Female,45,Clothing,2,133.61,97.79,267.22
473,2025-05-24,16:36:08,1295,Male,24,Home,2,287.31,210.48,574.62
474,2025-04-11,12:47:09,1243,Male,29,Beauty,4,29.12,19.16,116.48
475,2025-10-01,18:50:31,1154,Female,53,Sports,1,30.97,15.61,30.97
476,2025-04-21,19:30:53,1323,Male,46,Home,2,113.13,71.72,226.26
477,2025-05-12,15:26:07,1180,Male,54,Electronics,1,612.29,433.20,612.29
478,2025-07-01,14:32:31,1397,Female,23,Beauty,2,45.08,22.44,90.16
479,2025-03-27,17:59:21,1216,Female,22,Clothing,1,78.26,52.08,78.26
480,2025-12-30,14:41:25,1139,Female,41,Home,2,196.70,99.38,393.40
481,2025-01-12,12:15:42,1129,Male,31,Clothing,1,40.97,30.32,40.97
482,2025-10-08,10:49:25,1269,Male,24,Clothing,3,49.07,36.42,147.21
483,2025-06-08,13:47:18,1227,Male,26,Electronics,1,219.90,124.85,219.90
484,2025-06-16,19:29:55,1277,Female,53,Beauty,3,116.80,59.38,350.40
485,2025-11-02,16:47:40,1450,Female,51,Electronics,4,517.70,315.25,2070.80
486,2025-04-27,19:28:19,1188,Female,34,Clothing,2,26.64,18.65,53.28
487,2025-03-11,15:30:34,1005,Female,48,Clothing,3,143.71,92.98,431.13
488,2025-01-04,16:12:26,1452,Female,43,Clothing,2,135.82,98.25,271.64
489,2025-04-23,14:27:40,1123,Female,36,Electronics,1,516.19,264.31,516.19
490,2025-02-05,13:18:07,1327,Female,57,Beauty,2,88.55,49.22,177.10
491,2025-03-19,10:34:01,1096,Male,36,Clothing,3,135.86,71.57,407.58
492,2025-03-19,09:13:21,1216,Female,49,Sports,3,126.65,70.80,379.95
493,2025-03-16,10:49:25,1037,Female,29,Clothing,3,155.44,112.43,466.32
494,2025-03-04,21:45:15,1198,Female,33,Home,2,40.72,28.68,81.44
495,2025-09-24,17:13:30,1200,Female,38,Clothing,3,137.88,87.05,413.64
496,2025-03-04,14:40:19,1102,Female,21,Sports,1,70.09,46.18,70.09
497,2025-06-16,09:50:17,1300,Male,43,Home,1,32.86,23.28,32.86
498,2025-09-01,18:09:23,1395,Male,33,Clothing,2,39.17,29.66,78.34
499,2025-11-17,11:22:41,1079,Male,26,Beauty,2,48.26,31.98,96.52
500,2025-06-27,19:28:46,1099,Male,62,Beauty,1,91.06,42.16,91.06
501,2025-12-28,16:18:34,1357,Female,30,Electronics,1,525.77,317.86,525.77
502,2025-11-03,20:35:10,1036,Male,46,Clothing,2,65.82,29.63,131.64
503,2025-11-23,16:46:11,1453,Male,57,Sports,1,198.48,136.54,198.48
504,2025-12-04,21:52:24,1098,Female,53,Clothing,2,68.89,38.32,137.78
505,2025-02-19,16:04:02,1428,Male,29,Sports,2,66.48,32.08,132.96
506,2025-10-20,17:24:42,1251,Female,21,Beauty,1,78.63,59.52,78.63
507,2025-04-17,17:59:56,1427,Male,47,Home,2,49.42,37.54,98.84
508,2025-08-01,19:50:45,1030,Female,51,Clothing,1,35.91,27.35,35.91
509,2025-09-23,11:46:14,1273,Female,30,Clothing,2,126.82,96.72,253.64
510,2025-10-13,18:26:47,1055,Female,61,Beauty,4,84.85,42.85,339.40
511,2025-04-03,16:32:21,1337,Male,52,Sports,2,121.89,67.53,243.78
512,2025-06-16,19:26:48,1325,Female,64,Beauty,2,40.28,23.11,80.56
513,2025-10-09,20:16:23,1493,Female,46,Sports,1,20.04,10.90,20.04
514,2025-01-09,16:56:19,1004,Female,32,Clothing,3,73.81,56.19,221.43
515,2025-05-22,20:32:35,1293,Male,24,Clothing,1,80.13,45.77,80.13
516,2025-10-26,14:16:51,1154,Male,54,Beauty,3,111.38,76.72,334.14
517,2025-09-05,13:52:57,1354,Male,56,Electronics,3,110.64,63.72,331.92
518,2025-01-29,20:21:22,1451,Female,44,Sports,3,47.72,33.25,143.16
519,2025-11-05,20:40:49,1324,Female,21,Beauty,2,19.32,9.65,38.64
520,2025-09-15,18:09:03,1345,Female,46,Home,1,214.08,126.85,214.08
521,2025-07-21,12:21:05,1244,Male,53,Beauty,2,23.93,16.88,47.86
522,2025-03-08,18:30:35,1102,Female,43,Electronics,2,240.80,166.82,481.60
523,2025-05-07,14:17:49,1221,Female,61,Sports,3,40.61,23.95,121.83
524,2025-06-28,13:22:38,1336,Male,37,Clothing,3,79.21,56.63,237.63
525,2025-11-16,12:02:59,1419,Male,30,Home,3,79.92,38.23,239.76
526,2025-01-28,14:39:59,1076,Female,18,Beauty,1,99.45,60.22,99.45
527,2025-06-19,13:34:13,1105,Female,53,Beauty,1,91.64,62.37,91.64
528,2025-01-10,15:57:42,1270,Male,34,Clothing,3,69.02,45.13,207.06
529,2025-01-28,16:00:04,1199,Female,60,Sports,4,171.82,78.40,687.28
530,2025-11-29,15:24:32,1364,Male,38,Beauty,1,77.70,40.06,77.70
531,2025-08-23,17:45:01,1021,Male,51,Beauty,3,66.44,30.30,199.32
532,2025-12-17,15:40:19,1121,Female,21,Electronics,4,800.52,575.50,3202.08
533,2025-01-16,21:17:14,1078,Female,43,Electronics,2,151.99,116.58,303.98
534,2025-11-10,20:43:14,1214,Male,54,Clothing,4,175.43,98.01,701.72
535,2025-10-05,12:41:08,1298,Male,26,Beauty,2,89.04,44.04,178.08
536,2025-03-16,17:36:58,1081,Female,22,Electronics,1,857.85,475.94,857.85
537,2025-03-16,18:48:20,1451,Female,44,Beauty,3,93.29,61.59,279.87
538,2025-05-21,12:12:06,1068,Male,19,Home,1,225.83,143.88,225.83
539,2025-04-29,17:14:43,1014,Female,23,Home,2,182.51,118.55,365.02
540,2025-12-31,17:11:54,1199,Female,48,Clothing,1,54.96,38.60,54.96
541,2025-01-08,20:26:14,1381,Male,31,Clothing,5,168.70,124.19,843.50
542,2025-09-08,18:55:29,1455,Male,45,Beauty,3,19.39,11.16,58.17
543,2025-06-10,15:47:36,1305,Male,51,Clothing,4,95.82,70.87,383.28
544,2025-05-06,16:25:47,1021,Female,51,Home,1,338.03,201.15,338.03
545,2025-06-05,18:18:29,1086,Female,36,Electronics,2,124.73,61.98,249.46
546,2025-11-27,16:46:32,1058,Male,55,Sports,1,180.11,105.63,180.11
547,2025-08-19,09:29:37,1460,Male,47,Clothing,2,75.23,51.52,150.46
548,2025-03-25,18:07:05,1059,Female,58,Beauty,2,70.00,49.77,140.00
549,2025-09-19,17:10:24,1282,Female,20,Home,2,321.92,214.93,643.84
550,2025-03-18,12:09:11,1394,Male,44,Beauty,5,91.67,49.99,458.35
551,2025-04-03,12:08:12,1002,Female,18,Beauty,2,104.82,47.37,209.64
552,2025-09-10,13:37:42,1244,Female,44,Beauty,1,78.13,57.90,78.13
553,2025-05-23,17:35:52,1423,Male,21,Clothing,1,33.53,16.70,33.53
554,2025-01-17,17:53:38,1153,Female,23,Clothing,1,89.63,60.21,89.63
555,2025-11-09,17:44:38,1294,Male,47,Home,1,145.26,102.21,145.26
556,2025-06-15,15:24:52,1035,Female,53,Clothing,1,97.98,71.88,97.98
557,2025-06-18,16:33:13,1357,Male,57,Clothing,5,113.56,70.92,567.80
558,2025-02-14,16:44:38,1479,Female,45,Electronics,2,339.52,264.27,679.04
559,2025-07-01,20:39:36,1255,Female,49,Home,1,312.77,170.73,312.77
560,2025-04-10,09:01:29,1321,Male,65,Home,5,285.86,167.70,1429.30
561,2025-06-20,15:51:40,1109,Male,58,Clothing,3,68.65,37.86,205.95
562,2025-09-17,16:49:00,1059,Female,39,Beauty,5,74.74,54.15,373.70
563,2025-04-10,15:21:59,1345,Female,48,Home,2,236.61,155.45,473.22
564,2025-10-02,20:29:50,1417,Female,65,Clothing,2,105.77,71.27,211.54
565,2025-10-12,16:13:36,1351,Female,40,Clothing,4,48.14,27.05,192.56
566,2025-07-12,17:53:10,1293,Female,29,Electronics,3,788.97,538.66,2366.91
567,2025-06-11,18:17:26,1045,Female,33,Beauty,1,102.09,63.63,102.09
568,2025-03-31,12:50:02,1399,Male,23,Beauty,2,17.62,10.84,35.24
569,2025-04-08,15:30:46,1448,Female,38,Clothing,3,160.13,121.63,480.39
570,2025-12-13,21:13:46,1019,Female,42,Home,1,197.15,149.37,197.15
571,2025-12-18,19:55:05,1171,Female,20,Clothing,3,143.76,65.76,431.28
572,2025-06-09,17:13:20,1103,Male,36,Clothing,2,74.47,36.40,148.94
573,2025-03-18,12:07:00,1491,Male,31,Electronics,1,530.48,403.84,530.48
574,2025-05-26,17:10:04,1160,Female,52,Beauty,2,28.66,19.29,57.32
575,2025-02-24,15:05:27,1201,Male,63,Electronics,4,566.06,385.37,2264.24
576,2025-11-12,15:21:52,1102,Male,47,Electronics,3,156.19,106.29,468.57
577,2025-02-19,16:43:41,1364,Female,48,Clothing,4,59.69,39.01,238.76
578,2025-07-06,15:44:58,1341,Female,38,Beauty,2,18.18,10.29,36.36
579,2025-08-25,19:18:49,1179,Male,50,Clothing,3,151.72,84.59,455.16
580,2025-11-29,11:19:34,1237,Female,55,Beauty,2,80.19,61.86,160.38
581,2025-07-16,11:13:52,1356,Female,45,Electronics,3,360.60,182.87,1081.80
582,2025-12-09,11:59:45,1294,Female,25,Electronics,2,459.58,331.48,919.16
583,2025-04-01,14:25:04,1307,Male,61,Home,2,276.83,169.73,553.66
584,2025-12-05,11:13:52,1072,Male,27,Electronics,1,451.44,294.85,451.44
585,2025-08-17,13:43:56,1163,Female,54,Home,4,247.46,187.85,989.84
586,2025-06-26,21:37:00,1314,Female,26,Sports,4,34.35,26.43,137.40
587,2025-01-01,18:52:22,1057,Female,19,Clothing,2,133.84,74.28,267.68
588,2025-07-15,15:27:34,1109,Male,48,Clothing,4,111.09,63.20,444.36
589,2025-08-02,12:55:42,1065,Male,18,Clothing,3,27.43,16.75,82.29
590,2025-08-12,21:08:05,1071,Female,47,Sports,5,179.94,117.98,899.70
591,2025-08-21,16:35:52,1231,Female,40,Clothing,1,90.84,55.81,90.84
592,2025-05-02,18:17:26,1475,Female,20,Sports,3,150.67,73.43,452.01
593,2025-09-04,21:05:09,1374,Female,47,Electronics,2,509.15,270.32,1018.30
594,2025-11-19,18:42:04,1351,Female,57,Clothing,3,78.25,47.32,234.75
595,2025-09-20,20:36:46,1170,Female,40,Sports,1,203.59,93.99,203.59
596,2025-11-02,18:46:50,1289,Female,21,Electronics,2,554.08,369.34,1108.16
597,2025-05-30,19:39:01,1147,Female,23,Clothing,3,36.91,19.68,110.73
598,2025-11-12,14:54:16,1008,Male,56,Clothing,1,116.72,69.73,116.72
599,2025-03-31,14:44:15,1249,Male,51,Sports,1,98.86,49.22,98.86
600,2025-03-20,19:48:26,1395,Female,33,Electronics,1,675.32,432.65,675.32
601,2025-06-26,10:16:48,1420,Male,21,Clothing,1,86.81,60.44,86.81
602,2025-09-30,13:43:45,1200,Female,34,Clothing,1,159.89,120.87,159.89
603,2025-08-18,15:20:33,1350,Male,24,Sports,5,166.61,98.71,833.05
604,2025-11-30,19:21:17,1137,Male,34,Electronics,3,400.75,279.40,1202.25
605,2025-12-11,17:12:33,1173,Male,38,Electronics,4,631.70,286.76,2526.80
606,2025-02-20,16:43:28,1180,Male,64,Clothing,1,54.93,26.39,54.93
607,2025-11-01,17:53:13,1487,Male,63,Sports,2,39.87,22.89,79.74
608,2025-11-28,17:11:57,1057,Male,34,Clothing,1,127.37,76.38,127.37
609,2025-05-22,18:44:57,1342,Female,34,Clothing,3,36.47,21.02,109.41
610,2025-06-20,21:16:52,1136,Male,46,Clothing,1,176.81,102.47,176.81
611,2025-11-27,16:09:34,1394,Female,31,Electronics,2,167.12,89.49,334.24
612,2025-01-18,11:36:46,1129,Female,19,Sports,2,54.24,41.11,108.48
613,2025-12-07,15:09:44,1169,Female,54,Clothing,3,134.68,81.86,404.04
614,2025-07-26,19:49:51,1403,Male,52,Clothing,3,84.59,59.83,253.77
615,2025-03-04,17:59:22,1171,Female,43,Clothing,2,179.54,102.44,359.08
616,2025-06-24,11:29:48,1393,Female,59,Clothing,5,110.94,74.11,554.70
617,2025-06-03,18:57:06,1323,Female,49,Clothing,3,123.08,61.07,369.24
618,2025-04-09,09:37:15,1251,Female,22,Home,2,235.89,181.27,471.78
619,2025-08-19,21:01:02,1174,Male,39,Home,1,43.70,31.30,43.70
620,2025-12-08,16:43:55,1448,Male,65,Electronics,1,838.35,416.43,838.35
621,2025-12-01,09:58:58,1317,Male,33,Home,1,71.77,33.48,71.77
622,2025-06-07,19:06:29,1313,Male,55,Clothing,1,151.71,98.06,151.71
623,2025-11-12,13:51:12,1219,Female,65,Electronics,5,345.87,221.38,1729.35
624,2025-03-12,14:50:13,1392,Male,55,Clothing,1,34.80,24.36,34.80
625,2025-03-28,18:35:10,1225,Male,55,Clothing,4,40.50,26.41,162.00
626,2025-03-22,09:31:05,1004,Male,29,Sports,2,182.55,99.24,365.10
627,2025-12-22,19:49:30,1355,Male,31,Clothing,2,67.00,35.44,134.00
628,2025-03-31,17:02:38,1093,Female,57,Sports,3,164.25,92.77,492.75
629,2025-01-03,17:12:07,1272,Male,57,Beauty,2,94.92,49.58,189.84
630,2025-11-17,17:17:03,1100,Male,27,Home,2,339.94,172.75,679.88
631,2025-12-10,20:03:41,1187,Female,31,Beauty,3,50.10,35.08,150.30
632,2025-01-23,11:03:59,1276,Male,28,Home,1,185.22,138.06,185.22
633,2025-08-16,17:20:26,1102,Female,32,Home,1,134.36,93.17,134.36
634,2025-04-13,15:14:04,1242,Female,21,Sports,4,53.34,32.01,213.36
635,2025-07-18,15:29:46,1100,Female,35,Clothing,3,44.72,21.00,134.16
636,2025-03-11,12:29:29,1215,Male,39,Clothing,1,70.75,50.39,70.75
637,2025-11-10,20:36:35,1438,Male,23,Beauty,4,69.79,36.39,279.16
638,2025-08-31,19:17:00,1374,Female,65,Sports,2,77.00,40.30,154.00
639,2025-10-30,21:58:36,1460,Male,44,Sports,2,29.21,20.55,58.42
640,2025-01-18,15:25:30,1415,Male,46,Beauty,3,23.72,16.10,71.16
641,2025-07-28,21:08:22,1152,Male,59,Sports,3,23.66,11.91,70.98
642,2025-08-24,19:47:37,1013,Female,47,Home,2,309.74,220.12,619.48
643,2025-07-09,17:45:40,1001,Male,42,Sports,1,96.57,57.03,96.57
644,2025-05-19,18:39:34,1295,Male,61,Clothing,3,161.53,75.61,484.59
645,2025-12-12,15:03:07,1197,Female,47,Electronics,1,379.77,240.93,379.77
646,2025-02-04,17:49:13,1071,Female,33,Electronics,3,612.21,427.48,1836.63
647,2025-12-26,13:47:48,1116,Female,40,Sports,2,135.82,63.56,271.64
648,2025-07-10,15:31:32,1270,Male,48,Home,2,247.06,135.01,494.12
649,2025-11-14,15:43:44,1415,Male,30,Sports,1,125.31,93.52,125.31
650,2025-05-28,21:04:06,1085,Female,25,Home,4,188.83,117.42,755.32
651,2025-11-18,09:26:43,1278,Male,48,Beauty,2,61.61,33.65,123.22
652,2025-02-02,09:51:14,1428,Female,44,Electronics,3,617.72,377.07,1853.16
653,2025-12-07,18:53:35,1228,Female,37,Electronics,1,816.59,580.15,816.59
654,2025-04-27,16:18:49,1433,Male,27,Beauty,1,62.87,47.46,62.87
655,2025-12-31,16:11:11,1430,Male,28,Clothing,1,31.38,15.43,31.38
656,2025-05-14,15:13:35,1363,Male,60,Beauty,2,51.10,32.10,102.20
657,2025-03-25,16:07:58,1013,Female,49,Home,4,333.29,167.14,1333.16
658,2025-10-07,21:21:41,1362,Female,48,Sports,3,243.01,189.07,729.03
659,2025-12-08,12:36:46,1465,Female,39,Home,4,264.12,131.01,1056.48
660,2025-10-10,12:01:25,1317,Male,46,Beauty,2,49.27,25.34,98.54
661,2025-09-27,13:59:49,1143,Male,19,Clothing,3,156.66,120.00,469.98
662,2025-09-20,15:31:20,1309,Male,60,Beauty,4,30.53,17.46,122.12
663,2025-07-10,09:22:22,1158,Female,53,Clothing,2,137.82,107.16,275.64
664,2025-08-15,14:51:46,1497,Female,64,Sports,2,52.10,24.92,104.20
665,2025-04-17,14:55:33,1172,Male,55,Home,2,58.30,43.83,116.60
666,2025-08-01,13:29:45,1291,Male,30,Clothing,2,84.17,39.05,168.34
667,2025-06-04,19:19:31,1287,Female,32,Clothing,1,25.38,19.43,25.38
668,2025-11-22,16:41:42,1458,Female,44,Clothing,2,165.55,76.05,331.10
669,2025-05-22,16:04:38,1382,Female,55,Beauty,1,60.79,41.12,60.79
670,2025-12-22,19:23:32,1376,Male,34,Clothing,1,34.07,25.21,34.07
671,2025-03-11,15:03:17,1185,Female,58,Sports,1,101.88,63.65,101.88
672,2025-02-09,16:49:40,1094,Male,56,Home,4,203.99,147.45,815.96
673,2025-12-17,19:17:43,1358,Female,24,Electronics,1,368.34,182.40,368.34
674,2025-05-25,15:31:26,1175,Male,24,Clothing,4,103.02,73.39,412.08
675,2025-10-14,17:53:33,1434,Male,44,Beauty,3,23.02,17.37,69.06
676,2025-09-03,15:44:23,1072,Female,56,Electronics,1,875.49,482.00,875.49
677,2025-03-02,13:54:44,1073,Male,37,Clothing,1,45.18,30.63,45.18
678,2025-02-27,11:49:30,1388,Female,20,Clothing,3,30.08,19.42,90.24
679,2025-08-29,12:16:02,1034,Female,60,Clothing,1,39.96,25.92,39.96
680,2025-10-28,20:11:42,1180,Male,23,Clothing,1,140.66,90.21,140.66
681,2025-06-30,12:32:49,1374,Male,50,Electronics,2,161.27,73.32,322.54
682,2025-04-22,18:18:10,1462,Male,64,Clothing,2,58.17,39.76,116.34
683,2025-07-07,18:11:28,1345,Male,29,Home,2,344.02,213.19,688.04
684,2025-07-28,12:20:07,1239,Male,51,Clothing,3,143.15,90.74,429.45
685,2025-01-21,11:31:07,1198,Female,47,Electronics,5,335.85,200.34,1679.25
686,2025-10-11,15:54:27,1097,Male,48,Sports,1,104.51,70.28,104.51
687,2025-12-11,12:28:33,1338,Male,25,Clothing,2,87.10,42.12,174.20
688,2025-03-28,11:12:21,1103,Female,25,Clothing,2,90.83,63.80,181.66
689,2025-10-25,17:48:50,1411,Female,40,Beauty,2,78.33,47.77,156.66
690,2025-05-23,12:29:06,1063,Female,49,Beauty,1,80.98,39.10,80.98
691,2025-01-28,19:31:43,1014,Male,42,Electronics,1,348.10,228.24,348.10
692,2025-02-09,17:33:49,1253,Female,30,Clothing,2,102.17,64.27,204.34
693,2025-10-04,16:48:02,1221,Male,42,Beauty,2,104.55,48.29,209.10
694,2025-04-01,17:55:49,1156,Male,49,Beauty,2,47.81,33.57,95.62
695,2025-10-19,18:42:35,1351,Female,48,Electronics,1,208.17,111.77,208.17
696,2025-10-30,21:39:43,1181,Female,38,Clothing,1,116.52,66.52,116.52
697,2025-10-26,09:57:40,1175,Female,24,Beauty,2,119.15,55.84,238.30
698,2025-05-06,14:41:19,1304,Male,62,Clothing,1,72.26,32.99,72.26
699,2025-06-16,10:42:55,1217,Female,35,Clothing,1,97.80,54.23,97.80
700,2025-10-20,15:36:06,1414,Female,24,Home,2,95.89,68.83,191.78
701,2025-12-08,15:39:19,1187,Female,30,Beauty,3,103.97,75.62,311.91
702,2025-10-02,13:16:03,1153,Female,32,Electronics,3,865.51,554.62,2596.53
703,2025-10-31,15:04:36,1411,Female,45,Clothing,3,148.33,81.52,444.99
704,2025-06-03,16:34:20,1103,Female,43,Clothing,3,104.88,66.15,314.64
705,2025-01-10,17:33:55,1096,Female,31,Electronics,5,755.60,406.83,3778.00
706,2025-11-23,16:39:54,1394,Female,54,Home,1,49.16,29.62,49.16
707,2025-05-04,12:43:48,1154,Female,44,Beauty,1,102.17,52.84,102.17
708,2025-07-31,14:18:41,1083,Female,61,Electronics,1,412.81,211.91,412.81
709,2025-05-06,19:19:29,1249,Female,45,Electronics,1,110.34,54.62,110.34
710,2025-05-13,19:17:42,1282,Male,59,Sports,2,241.67,110.34,483.34
711,2025-02-12,14:19:55,1033,Female,41,Electronics,2,806.29,586.28,1612.58
712,2025-03-13,13:36:47,1257,Male,51,Electronics,3,555.94,346.54,1667.82
713,2025-09-12,20:15:38,1063,Female,39,Home,3,265.92,184.95,797.76
714,2025-08-05,13:06:11,1110,Female,46,Beauty,1,105.60,66.11,105.60
715,2025-12-25,21:20:34,1217,Female,61,Clothing,3,68.05,33.88,204.15
716,2025-09-01,18:52:19,1011,Male,65,Electronics,3,851.50,604.82,2554.50
717,2025-05-03,14:24:19,1328,Female,61,Clothing,4,159.38,92.15,637.52
718,2025-07-21,20:58:16,1155,Male,33,Clothing,1,158.21,94.11,158.21
719,2025-06-12,20:49:41,1209,Male,35,Sports,5,209.34,126.75,1046.70
720,2025-07-31,20:21:45,1217,Male,28,Home,2,192.03,124.57,384.06
721,2025-10-08,18:29:44,1015,Male,59,Electronics,3,596.73,295.33,1790.19
722,2025-07-25,13:19:20,1295,Male,25,Clothing,5,105.04,76.06,525.20
723,2025-03-08,19:43:26,1406,Female,46,Beauty,1,92.19,62.40,92.19
724,2025-06-17,19:12:05,1213,Female,29,Beauty,4,54.62,34.86,218.48
725,2025-01-11,21:59:35,1332,Male,23,Sports,3,65.60,33.17,196.80
726,2025-07-25,17:38:16,1077,Male,41,Clothing,1,112.92,70.41,112.92
727,2025-08-21,19:31:07,1115,Male,30,Sports,1,207.08,144.20,207.08
728,2025-07-15,12:54:13,1308,Male,36,Home,1,90.60,64.46,90.60
729,2025-01-15,14:16:15,1317,Female,33,Beauty,2,86.85,39.38,173.70
730,2025-03-10,20:44:25,1352,Male,63,Beauty,2,59.45,28.19,118.90
731,2025-10-13,10:21:59,1121,Female,40,Sports,5,236.04,152.82,1180.20
732,2025-01-24,09:32:39,1196,Female,43,Electronics,4,188.44,87.36,753.76
733,2025-04-02,14:32:31,1477,Female,47,Clothing,2,74.18,36.85,148.36
734,2025-03-01,14:08:31,1447,Female,65,Beauty,4,60.16,32.30,240.64
735,2025-05-16,16:27:57,1085,Female,65,Sports,1,195.65,143.12,195.65
736,2025-12-03,17:28:03,1097,Male,21,Clothing,1,30.56,20.87,30.56
737,2025-08-12,12:57:59,1254,Male,46,Beauty,2,89.45,54.80,178.90
738,2025-03-17,12:05:13,1445,Female,29,Home,3,269.98,171.67,809.94
739,2025-12-06,17:37:00,1270,Male,44,Sports,2,76.62,36.86,153.24
740,2025-06-18,09:43:43,1063,Female,41,Electronics,4,860.00,430.64,3440.00
741,2025-02-11,16:45:42,1246,Female,58,Sports,1,156.67,120.64,156.67
742,2025-12-02,17:28:20,1486,Male,31,Sports,1,204.36,145.79,204.36
743,2025-02-06,16:38:24,1048,Female,34,Clothing,4,174.58,83.70,698.32
744,2025-04-17,12:49:25,1146,Male,25,Clothing,3,149.17,112.50,447.51
745,2025-12-17,17:22:42,1050,Female,50,Clothing,2,94.04,50.65,188.08
746,2025-11-04,15:48:27,1416,Female,57,Clothing,1,122.76,76.04,122.76
747,2025-08-26,18:41:43,1366,Male,49,Electronics,1,610.72,369.19,610.72
748,2025-02-10,20:30:19,1077,Male,61,Sports,2,213.55,116.92,427.10
749,2025-01-25,16:58:02,1263,Male,50,Beauty,3,24.92,15.89,74.76
750,2025-05-10,15:37:05,1394,Male,25,Home,3,178.12,129.70,534.36
751,2025-01-24,11:56:45,1153,Female,55,Home,2,272.35,195.16,544.70
752,2025-06-24,21:55:51,1096,Male,29,Clothing,1,177.24,119.15,177.24
753,2025-08-11,16:00:25,1060,Male,28,Electronics,2,457.33,305.06,914.66
754,2025-11-05,18:19:39,1417,Female,62,Electronics,2,646.04,355.24,1292.08
755,2025-03-06,12:12:07,1418,Male,62,Sports,1,217.57,144.48,217.57
756,2025-11-29,14:53:40,1440,Male,23,Beauty,2,63.66,29.11,127.32
757,2025-03-27,20:47:44,1228,Female,48,Clothing,1,94.68,51.82,94.68
758,2025-07-20,10:00:06,1323,Female,44,Home,2,265.87,168.27,531.74
759,2025-05-29,10:25:31,1263,Female,32,Home,2,199.06,110.33,398.12
760,2025-02-02,14:41:26,1456,Female,25,Beauty,1,113.59,77.26,113.59
761,2025-01-11,12:46:12,1241,Female,46,Clothing,4,59.05,33.18,236.20
762,2025-11-05,19:45:42,1240,Male,36,Home,2,154.92,117.83,309.84
763,2025-12-01,18:50:30,1410,Male,57,Clothing,1,132.06,80.47,132.06
764,2025-03-30,13:38:31,1052,Female,49,Beauty,1,36.99,16.87,36.99
765,2025-05-14,15:10:11,1424,Male,22,Beauty,1,26.97,17.14,26.97
766,2025-09-07,14:21:50,1182,Male,53,Clothing,3,48.43,30.03,145.29
767,2025-12-09,11:03:59,1485,Female,47,Sports,5,193.83,137.22,969.15
768,2025-11-09,19:06:52,1288,Male,50,Clothing,4,122.64,92.06,490.56
769,2025-03-22,18:45:28,1391,Female,64,Sports,2,55.49,39.97,110.98
770,2025-03-04,19:28:26,1394,Male,33,Home,1,181.57,91.97,181.57
771,2025-05-17,15:48:26,1185,Male,27,Home,3,199.49,98.85,598.47
772,2025-08-08,15:26:57,1235,Female,19,Beauty,3,95.87,59.51,287.61
773,2025-02-05,11:20:25,1396,Male,45,Clothing,3,142.67,94.40,428.01
774,2025-10-22,10:40:45,1410,Female,44,Beauty,2,86.49,47.61,172.98
775,2025-06-10,20:00:52,1144,Male,62,Beauty,4,82.61,54.20,330.44
776,2025-11-13,17:44:22,1455,Female,30,Sports,2,39.38,22.79,78.76
777,2025-03-06,16:34:18,1110,Male,50,Electronics,3,507.50,255.18,1522.50
778,2025-01-15,20:34:37,1133,Male,37,Home,1,345.83,162.46,345.83
779,2025-07-10,14:32:22,1064,Male,59,Sports,2,123.21,55.66,246.42
780,2025-06-23,21:51:47,1298,Male,40,Clothing,3,128.37,82.03,385.11
781,2025-03-13,18:33:47,1127,Male,38,Electronics,3,237.90,142.72,713.70
782,2025-03-17,18:53:26,1042,Male,21,Beauty,1,28.66,13.64,28.66
783,2025-12-13,16:37:35,1266,Female,34,Electronics,5,601.90,407.71,3009.50
784,2025-09-08,18:26:52,1084,Male,50,Clothing,1,135.23,92.29,135.23
785,2025-09-28,12:13:29,1243,Male,65,Clothing,4,111.65,54.62,446.60
786,2025-07-29,12:23:36,1149,Male,51,Clothing,5,82.58,45.43,412.90
787,2025-09-06,09:09:09,1402,Female,21,Sports,1,90.19,46.03,90.19
788,2025-09-08,09:35:22,1035,Male,44,Beauty,2,47.52,26.68,95.04
789,2025-07-13,16:46:53,1311,Male,26,Electronics,2,457.97,273.96,915.94
790,2025-06-16,11:39:42,1320,Female,42,Clothing,2,86.29,66.11,172.58
791,2025-08-15,18:41:05,1444,Male,63,Clothing,3,122.67,67.70,368.01
792,2025-11-27,12:35:05,1099,Male,54,Electronics,2,695.46,317.24,1390.92
793,2025-12-04,20:11:01,1141,Male,33,Home,2,298.45,142.64,596.90
794,2025-10-01,17:25:37,1024,Female,19,Beauty,1,33.95,21.19,33.95
795,2025-07-15,14:07:06,1278,Male,36,Clothing,1,64.61,35.62,64.61
796,2025-07-28,18:03:39,1493,Female,29,Clothing,2,34.07,18.93,68.14
797,2025-07-31,20:16:24,1483,Male,21,Clothing,2,141.58,86.74,283.16
798,2025-09-16,15:07:17,1032,Female,47,Electronics,1,133.68,88.10,133.68
799,2025-01-10,14:37:43,1052,Male,53,Electronics,2,182.97,109.26,365.94
800,2025-11-22,16:50:09,1192,Male,33,Electronics,4,427.48,256.09,1709.92
801,2025-01-01,19:53:39,1149,Male,18,Clothing,1,167.88,89.45,167.88
802,2025-12-15,15:22:53,1324,Male,55,Home,1,120.02,75.16,120.02
803,2025-02-05,14:25:44,1063,Male,64,Electronics,2,309.16,201.40,618.32
804,2025-06-12,20:21:40,1134,Female,35,Clothing,1,177.37,106.73,177.37
805,2025-11-03,15:58:44,1069,Male,56,Beauty,3,109.65,64.29,328.95
806,2025-12-23,18:48:25,1276,Male,59,Electronics,4,521.69,375.25,2086.76
807,2025-08-16,18:22:52,1193,Female,42,Clothing,3,144.03,65.21,432.09
808,2025-08-25,15:12:28,1005,Male,65,Clothing,4,68.58,38.96,274.32
809,2025-02-16,19:40:19,1414,Male,32,Sports,1,242.48,148.55,242.48
810,2025-12-27,18:13:00,1101,Female,25,Sports,2,150.89,95.38,301.78
811,2025-12-04,18:43:43,1309,Male,22,Electronics,1,691.70,524.36,691.70
812,2025-04-27,20:46:50,1141,Male,61,Clothing,3,175.32,114.44,525.96
813,2025-12-15,17:29:00,1481,Female,59,Electronics,4,613.02,341.20,2452.08
814,2025-07-28,14:43:33,1239,Female,41,Electronics,3,115.64,53.83,346.92
815,2025-08-04,16:20:00,1201,Male,39,Clothing,1,113.63,78.79,113.63
816,2025-12-20,15:04:58,1128,Male,28,Beauty,2,21.60,9.92,43.20
817,2025-08-10,19:37:51,1321,Female,34,Clothing,5,98.40,71.31,492.00
818,2025-06-20,16:15:04,1398,Female,24,Electronics,1,554.73,260.74,554.73
819,2025-01-18,15:56:54,1356,Male,26,Clothing,1,149.37,97.32,149.37
820,2025-08-10,11:43:03,1287,Male,36,Home,2,158.54,92.85,317.08
821,2025-11-03,19:39:00,1233,Female,47,Home,2,311.58,175.13,623.16
822,2025-12-12,19:29:33,1169,Male,24,Clothing,1,117.25,83.31,117.25
823,2025-04-10,20:08:40,1261,Female,40,Beauty,2,91.09,48.30,182.18
824,2025-01-23,11:19:37,1224,Female,37,Electronics,1,523.74,316.83,523.74
825,2025-11-05,15:23:00,1266,Male,21,Clothing,2,151.97,71.13,303.94
826,2025-06-26,13:12:40,1466,Male,22,Beauty,3,85.13,65.89,255.39
827,2025-11-04,18:54:37,1290,Female,57,Clothing,1,75.94,56.13,75.94
828,2025-01-22,16:58:00,1328,Male,62,Clothing,1,121.71,84.27,121.71
829,2025-06-19,19:24:13,1205,Male,18,Beauty,1,22.74,11.10,22.74
830,2025-05-29,16:40:37,1468,Female,20,Sports,1,65.80,34.36,65.80
831,2025-05-15,18:21:54,1284,Male,29,Clothing,1,52.29,25.28,52.29
832,2025-12-13,12:41:50,1454,Male,39,Sports,1,90.17,64.66,90.17
833,2025-12-05,13:33:51,1320,Female,63,Clothing,4,47.39,33.76,189.56
834,2025-04-09,16:44:23,1163,Female,58,Clothing,2,32.16,16.48,64.32
835,2025-10-02,14:09:20,1127,Male,58,Home,4,309.31,238.03,1237.24
836,2025-09-08,13:05:50,1241,Male,28,Electronics,2,696.07,430.19,1392.14
837,2025-09-13,16:11:20,1365,Female,51,Home,2,259.01,139.49,518.02
838,2025-07-25,17:50:37,1333,Male,31,Clothing,4,56.47,32.79,225.88
839,2025-06-06,15:24:36,1081,Female,34,Electronics,1,190.15,113.46,190.15
840,2025-06-30,13:02:29,1263,Female,45,Beauty,2,60.41,37.10,120.82
841,2025-05-20,15:11:28,1120,Female,59,Clothing,1,164.73,101.40,164.73
842,2025-10-07,17:50:17,1475,Male,24,Clothing,2,80.84,45.28,161.68
843,2025-12-12,15:19:47,1418,Female,30,Home,5,349.36,243.95,1746.80
844,2025-10-06,20:00:49,1154,Female,40,Home,2,159.22,102.12,318.44
845,2025-12-02,09:41:32,1390,Male,43,Clothing,1,137.12,72.28,137.12
846,2025-10-28,19:48:29,1370,Female,39,Home,1,130.18,91.67,130.18
847,2025-12-24,15:28:28,1437,Male,41,Clothing,1,160.43,111.25,160.43
848,2025-09-13,19:53:22,1174,Male,44,Beauty,3,94.03,63.74,282.09
849,2025-06-03,14:01:36,1403,Male,26,Clothing,1,172.66,113.58,172.66
850,2025-11-05,20:36:55,1201,Female,31,Sports,2,34.65,21.02,69.30
851,2025-06-18,17:28:40,1459,Female,23,Clothing,1,129.61,93.67,129.61
852,2025-11-05,16:11:12,1036,Female,36,Clothing,2,70.12,42.07,140.24
853,2025-07-08,16:10:20,1441,Female,43,Clothing,2,42.17,25.63,84.34
854,2025-02-05,15:57:55,1106,Male,31,Beauty,3,100.88,50.68,302.64
855,2025-10-22,20:37:12,1258,Female,35,Clothing,2,178.62,128.98,357.24
856,2025-11-06,19:33:21,1467,Female,47,Beauty,1,19.10,12.67,19.10
857,2025-08-22,15:53:45,1406,Female,43,Electronics,1,744.19,396.07,744.19
858,2025-11-13,18:29:24,1467,Male,62,Electronics,5,402.71,213.07,2013.55
859,2025-03-22,14:40:34,1150,Male,62,Home,4,318.72,186.68,1274.88
860,2025-10-11,12:23:04,1387,Male,50,Home,2,134.32,71.65,268.64
861,2025-09-17,10:01:04,1328,Female,42,Beauty,1,56.93,26.33,56.93
862,2025-05-09,12:58:08,1168,Female,49,Beauty,3,23.67,16.23,71.01
863,2025-08-13,12:52:17,1431,Male,28,Home,1,224.24,110.10,224.24
864,2025-07-20,13:42:48,1006,Female,27,Beauty,3,33.68,25.08,101.04
865,2025-09-30,13:44:03,1429,Male,42,Home,2,172.08,80.20,344.16
866,2025-07-13,18:59:15,1192,Male,30,Clothing,5,90.36,50.71,451.80
867,2025-04-09,18:04:14,1491,Male,60,Clothing,2,50.89,24.71,101.78
868,2025-06-17,14:40:12,1320,Male,52,Beauty,1,59.93,29.06,59.93
869,2025-06-15,13:25:41,1162,Male,42,Clothing,3,59.11,32.03,177.33
870,2025-11-16,15:04:56,1112,Female,37,Home,5,189.86,130.08,949.30
871,2025-10-19,13:06:38,1167,Female,61,Sports,1,197.42,100.26,197.42
872,2025-12-19,14:54:42,1247,Male,39,Clothing,2,166.38,102.93,332.76
873,2025-04-30,16:45:00,1120,Male,57,Home,1,69.70,41.22,69.70
874,2025-05-05,17:03:08,1192,Female,36,Clothing,2,83.24,44.00,166.48
875,2025-11-03,21:28:47,1450,Female,26,Clothing,3,124.76,77.59,374.28
876,2025-08-01,17:18:48,1013,Male,64,Beauty,2,40.44,30.30,80.88
877,2025-12-07,21:51:43,1357,Male,56,Sports,1,139.94,92.06,139.94
878,2025-02-03,20:04:12,1027,Male,31,Clothing,2,51.92,36.99,103.84
879,2025-04-15,13:05:27,1372,Female,37,Clothing,2,55.62,36.15,111.24
880,2025-06-05,14:28:40,1104,Female,48,Clothing,2,175.75,88.82,351.50
881,2025-08-14,15:39:47,1222,Male,48,Clothing,4,84.12,58.92,336.48
882,2025-06-03,17:09:35,1373,Male,34,Beauty,1,47.11,29.94,47.11
883,2025-09-04,11:08:45,1241,Male,27,Sports,4,20.96,14.48,83.84
884,2025-07-11,16:59:26,1482,Female,65,Beauty,2,66.40,42.77,132.80
885,2025-07-29,20:58:07,1198,Male,30,Home,3,336.27,234.72,1008.81
886,2025-06-28,16:31:40,1353,Female,62,Clothing,2,84.73,45.03,169.46
887,2025-09-02,10:52:23,1324,Male,62,Electronics,2,201.27,153.29,402.54
888,2025-03-17,14:38:37,1488,Male,18,Clothing,3,39.31,22.68,117.93
889,2025-12-28,17:57:05,1266,Male,45,Clothing,3,91.17,56.09,273.51
890,2025-09-30,17:24:37,1158,Female,64,Sports,2,45.13,32.19,90.26
891,2025-03-15,14:13:59,1384,Female,62,Beauty,3,118.64,53.45,355.92
892,2025-02-05,18:26:33,1214,Female,64,Beauty,1,33.52,16.57,33.52
893,2025-09-07,13:07:28,1291,Male,29,Clothing,3,141.24,72.50,423.72
894,2025-07-29,16:58:39,1056,Male,23,Clothing,1,83.55,47.03,83.55
895,2025-10-27,13:31:43,1390,Male,18,Clothing,1,141.53,90.89,141.53
896,2025-01-22,11:33:50,1004,Female,56,Electronics,1,868.89,530.33,868.89
897,2025-06-22,17:21:23,1350,Female,38,Home,3,331.12,190.36,993.36
898,2025-01-30,21:55:21,1413,Male,18,Beauty,3,88.32,65.62,264.96
899,2025-03-13,09:07:55,1272,Female,62,Home,2,109.53,74.09,219.06
900,2025-09-01,16:42:12,1002,Female,19,Electronics,5,796.22,551.64,3981.10
901,2025-12-14,16:38:31,1205,Male,40,Beauty,5,112.81,87.50,564.05
902,2025-12-25,20:46:24,1151,Male,63,Clothing,2,105.61,77.39,211.22
903,2025-09-16,10:31:50,1045,Female,61,Sports,2,247.06,184.26,494.12
904,2025-03-01,16:34:15,1125,Male,28,Home,1,241.12,143.11,241.12
905,2025-01-15,12:59:20,1463,Female,35,Clothing,2,64.93,48.45,129.86
906,2025-03-05,17:59:34,1325,Female,23,Home,1,136.50,87.37,136.50
907,2025-11-04,11:21:24,1467,Female,59,Electronics,4,540.76,387.61,2163.04
908,2025-04-25,14:18:05,1058,Male,39,Home,3,329.91,161.10,989.73
909,2025-07-08,12:20:24,1296,Male,37,Clothing,4,108.02,83.54,432.08
910,2025-06-13,18:51:43,1479,Male,51,Electronics,1,564.44,255.71,564.44
911,2025-08-24,14:52:18,1429,Male,49,Electronics,1,200.89,139.93,200.89
912,2025-12-26,10:20:19,1258,Male,35,Sports,2,182.50,132.03,365.00
913,2025-09-11,14:24:03,1415,Female,27,Home,3,97.40,69.88,292.20
914,2025-12-25,18:59:55,1398,Male,49,Home,3,125.71,94.42,377.13
915,2025-03-23,21:35:25,1173,Female,61,Beauty,2,51.57,24.43,103.14
916,2025-05-25,14:59:12,1359,Female,24,Clothing,2,141.60,101.34,283.20
917,2025-12-30,14:41:10,1296,Male,46,Home,1,123.15,64.28,123.15
918,2025-04-11,18:00:23,1372,Male,61,Home,2,304.70,235.93,609.40
919,2025-12-14,19:59:03,1050,Female,48,Clothing,5,33.13,22.02,165.65
920,2025-10-31,16:09:40,1370,Female,33,Clothing,2,62.33,42.20,124.66
921,2025-03-30,17:24:49,1355,Male,47,Sports,1,169.57,112.86,169.57
922,2025-07-08,09:07:05,1063,Female,59,Electronics,1,497.99,318.26,497.99
923,2025-10-21,16:44:47,1049,Male,42,Beauty,2,82.68,52.80,165.36
924,2025-02-20,14:45:58,1442,Male,43,Home,2,36.32,22.77,72.64
925,2025-09-29,16:33:53,1300,Male,31,Sports,1,226.45,146.67,226.45
926,2025-04-03,09:28:51,1161,Male,20,Clothing,1,56.97,36.21,56.97
927,2025-01-18,11:07:32,1153,Female,52,Clothing,3,176.45,93.86,529.35
928,2025-01-24,21:33:57,1401,Female,60,Electronics,2,194.68,107.71,389.36
929,2025-06-30,17:32:13,1353,Male,60,Home,1,105.87,58.11,105.87
930,2025-04-21,21:38:35,1111,Female,35,Clothing,1,121.46,64.88,121.46
931,2025-07-15,17:10:25,1234,Male,34,Electronics,1,850.96,440.15,850.96
932,2025-11-19,18:40:44,1331,Male,63,Beauty,3,84.02,54.58,252.06
933,2025-08-03,19:20:50,1223,Female,19,Sports,1,76.92,48.10,76.92
934,2025-12-17,16:04:21,1328,Male,41,Sports,1,198.96,141.93,198.96
935,2025-05-21,09:24:14,1194,Male,25,Clothing,1,137.89,99.42,137.89
936,2025-09-08,11:22:44,1293,Female,53,Clothing,1,40.36,22.40,40.36
937,2025-07-19,13:51:47,1348,Female,48,Electronics,3,292.43,200.42,877.29
938,2025-12-03,12:24:36,1377,Female,21,Sports,2,167.01,118.01,334.02
939,2025-12-14,17:45:29,1094,Female,40,Home,1,190.71,112.74,190.71
940,2025-04-28,14:54:05,1486,Female,44,Home,2,300.48,142.82,600.96
941,2025-05-03,21:10:36,1030,Male,65,Clothing,3,169.09,76.69,507.27
942,2025-08-06,18:59:46,1070,Female,49,Electronics,4,898.32,611.13,3593.28
943,2025-07-27,09:12:58,1426,Male,63,Beauty,1,71.10,55.32,71.10
944,2025-12-05,21:52:56,1484,Male,56,Beauty,5,32.70,22.96,163.50
945,2025-04-26,13:23:53,1069,Female,21,Beauty,2,54.80,26.71,109.60
946,2025-12-14,14:34:54,1393,Male,36,Clothing,1,70.50,48.90,70.50
947,2025-10-19,15:59:19,1476,Male,47,Sports,1,215.12,97.22,215.12
948,2025-08-24,15:22:06,1003,Female,64,Clothing,1,79.95,48.96,79.95
949,2025-02-13,16:57:09,1211,Male,49,Clothing,1,144.26,87.32,144.26
950,2025-07-11,14:27:57,1094,Female,24,Sports,2,170.94,84.81,341.88
951,2025-08-11,09:56:55,1364,Male,25,Clothing,2,31.24,21.73,62.48
952,2025-01-17,12:12:30,1492,Female,25,Beauty,3,72.76,49.89,218.28
953,2025-06-16,18:49:56,1205,Female,26,Clothing,1,41.72,20.92,41.72
954,2025-09-14,09:43:15,1027,Female,45,Sports,2,189.61,103.44,379.22
955,2025-09-06,11:27:15,1317,Male,64,Electronics,3,284.56,209.20,853.68
956,2025-12-25,14:52:27,1102,Female,63,Home,3,62.98,41.04,188.94
957,2025-04-07,21:37:40,1325,Male,32,Clothing,1,87.20,44.77,87.20
958,2025-03-16,15:39:12,1047,Male,42,Beauty,2,47.18,24.83,94.36
959,2025-06-22,15:03:32,1219,Male,37,Clothing,5,81.35,55.71,406.75
960,2025-05-07,14:03:11,1021,Male,21,Electronics,1,343.74,186.46,343.74
961,2025-11-07,11:11:16,1486,Female,41,Beauty,3,26.71,18.04,80.13
962,2025-03-08,15:47:51,1186,Female,33,Electronics,2,252.23,187.35,504.46
963,2025-03-08,17:38:07,1022,Male,30,Home,1,326.16,205.60,326.16
964,2025-06-25,14:30:48,1104,Male,20,Clothing,3,89.82,66.85,269.46
965,2025-10-14,21:57:23,1230,Male,45,Clothing,5,89.95,55.43,449.75
966,2025-01-12,13:17:44,1496,Male,36,Clothing,3,112.76,76.56,338.28
967,2025-07-23,16:34:55,1263,Male,28,Beauty,2,68.47,39.63,136.94
968,2025-11-07,14:11:00,1082,Male,55,Home,3,311.33,186.89,933.99
969,2025-12-29,18:16:19,1437,Male,36,Home,1,206.69,96.12,206.69
970,2025-05-02,14:40:09,1483,Female,26,Clothing,2,147.55,78.52,295.10
971,2025-04-18,16:00:41,1178,Female,38,Clothing,2,134.35,92.47,268.70
972,2025-07-29,20:18:20,1030,Male,40,Clothing,1,174.61,134.56,174.61
973,2025-10-03,17:55:49,1481,Male,64,Home,3,152.23,112.21,456.69
974,2025-11-21,17:13:52,1227,Male,38,Clothing,3,115.16,80.43,345.48
975,2025-03-21,16:46:46,1223,Female,27,Sports,1,41.55,21.23,41.55
976,2025-04-01,13:31:46,1093,Female,19,Beauty,3,107.95,73.06,323.85
977,2025-04-07,11:04:27,1126,Female,59,Sports,2,43.05,29.70,86.10
978,2025-01-07,17:24:24,1011,Male,18,Home,1,236.23,125.66,236.23
979,2025-02-12,14:40:38,1007,Male,24,Electronics,4,750.97,358.99,3003.88
980,2025-03-13,16:36:57,1228,Male,37,Beauty,1,31.22,21.18,31.22
981,2025-11-18,16:01:52,1023,Male,52,Clothing,4,104.29,51.81,417.16
982,2025-04-25,09:27:24,1076,Female,59,Clothing,3,167.86,113.58,503.58
983,2025-02-27,16:07:14,1053,Female,40,Clothing,2,76.73,57.94,153.46
984,2025-02-13,20:38:09,1092,Female,51,Beauty,2,34.04,25.35,68.08
985,2025-12-18,14:52:18,1179,Male,35,Sports,5,172.20,123.56,861.00
986,2025-12-31,19:50:00,1442,Male,59,Clothing,2,47.91,34.16,95.82
987,2025-09-02,19:07:36,1219,Female,27,Clothing,1,179.19,103.40,179.19
988,2025-06-13,16:30:44,1499,Female,56,Home,3,136.71,91.02,410.13
989,2025-05-06,15:35:31,1276,Female,52,Electronics,1,268.69,184.30,268.69
990,2025-09-27,17:44:51,1384,Male,62,Clothing,1,81.06,59.23,81.06
991,2025-07-05,17:08:58,1057,Male,40,Beauty,3,104.18,51.67,312.54
992,2025-08-24,12:54:35,1498,Female,33,Clothing,3,59.81,29.23,179.43
993,2025-12-23,18:24:46,1014,Female,41,Clothing,2,41.43,25.16,82.86
994,2025-11-01,20:01:09,1188,Male,23,Clothing,4,26.93,15.82,107.72
995,2025-04-04,16:08:47,1271,Female,48,Beauty,3,50.42,34.26,151.26
996,2025-05-27,12:03:56,1329,Male,56,Home,1,191.05,138.47,191.05
997,2025-12-15,21:29:35,1365,Female,54,Electronics,2,661.67,331.99,1323.34
998,2025-02-17,16:08:47,1109,Female,57,Clothing,3,85.81,66.25,257.43
999,2025-11-06,19:52:44,1240,Female,38,Electronics,2,412.18,192.92,824.36
1000,2025-07-10,17:12:17,1056,Male,22,Beauty,1,96.77,51.20,96.77
1001,2025-03-25,16:04:13,1306,Male,37,Clothing,4,56.27,29.78,225.08
1002,2025-02-13,21:36:02,1289,Female,20,Clothing,1,39.45,30.52,39.45
1003,2025-05-25,21:32:12,1162,Female,64,Beauty,3,28.60,16.00,85.80
1004,2025-09-15,11:51:49,1077,Male,55,Home,4,182.62,84.43,730.48
1005,2025-03-24,12:29:05,1454,Male,63,Clothing,3,58.43,29.01,175.29
1006,2025-03-24,21:32:33,1374,Female,46,Home,2,138.49,101.44,276.98
1007,2025-08-09,10:45:49,1350,Female,33,Clothing,1,119.61,59.84,119.61
1008,2025-11-18,21:06:51,1008,Male,37,Electronics,3,874.54,418.70,2623.62
1009,2025-02-18,16:10:59,1152,Male,22,Clothing,1,81.32,41.40,81.32
1010,2025-08-24,14:30:16,1391,Female,59,Sports,5,236.16,144.32,1180.80
1011,2025-07-06,19:25:26,1439,Male,46,Beauty,5,103.71,59.46,518.55
1012,2025-12-16,15:28:16,1450,Male,57,Sports,3,33.12,22.55,99.36
1013,2025-10-15,09:54:06,1149,Female,28,Electronics,1,780.14,576.11,780.14
1014,2025-12-09,11:29:29,1329,Female,24,Clothing,4,138.43,104.43,553.72
1015,2025-08-10,13:21:04,1163,Female,56,Beauty,2,88.74,48.08,177.48
1016,2025-01-20,16:30:09,1328,Male,38,Electronics,3,890.00,418.83,2670.00
1017,2025-07-05,19:30:13,1028,Male,19,Sports,1,177.24,116.94,177.24
1018,2025-02-12,12:17:25,1042,Female,63,Beauty,1,59.07,43.99,59.07
1019,2025-04-05,19:05:57,1462,Female,39,Sports,1,88.29,67.17,88.29
1020,2025-09-04,16:44:50,1083,Female,40,Sports,3,151.17,96.01,453.51
1021,2025-11-02,13:46:42,1297,Male,38,Electronics,3,755.27,545.55,2265.81
1022,2025-06-12,09:57:29,1479,Male,49,Sports,5,46.13,26.94,230.65
1023,2025-09-24,18:28:53,1439,Male,58,Beauty,1,116.79,60.98,116.79
1024,2025-04-07,15:34:49,1086,Female,31,Beauty,5,115.00,73.64,575.00
1025,2025-01-08,15:23:01,1155,Female,50,Home,2,69.92,54.52,139.84
1026,2025-07-31,15:22:53,1278,Female,51,Sports,4,97.24,58.48,388.96
1027,2025-07-11,13:38:10,1278,Female,42,Clothing,3,127.24,83.88,381.72
1028,2025-12-26,17:59:57,1439,Male,23,Home,2,63.22,41.31,126.44
1029,2025-07-30,11:47:48,1320,Male,58,Beauty,1,76.03,41.49,76.03
1030,2025-08-04,13:49:29,1283,Female,25,Clothing,1,97.78,75.22,97.78
1031,2025-08-26,15:52:41,1361,Female,18,Sports,2,199.91,107.61,399.82
1032,2025-12-04,14:53:57,1408,Female,61,Clothing,2,164.53,74.88,329.06
1033,2025-03-20,19:53:52,1266,Female,39,Clothing,2,113.69,72.01,227.38
1034,2025-07-20,13:41:25,1425,Male,54,Beauty,2,113.64,78.44,227.28
1035,2025-07-26,20:33:10,1224,Male,24,Home,1,70.43,45.10,70.43
1036,2025-07-20,19:40:58,1134,Male,38,Clothing,2,39.46,25.95,78.92
1037,2025-10-31,12:39:45,1279,Male,54,Beauty,1,92.95,55.74,92.95
1038,2025-11-20,19:11:15,1335,Male,37,Clothing,3,155.27,111.23,465.81
1039,2025-07-13,18:42:03,1141,Male,27,Electronics,2,603.48,292.16,1206.96
1040,2025-08-24,20:07:06,1073,Female,34,Sports,2,41.34,23.53,82.68
1041,2025-04-17,15:31:50,1012,Female,22,Beauty,1,80.70,47.50,80.70
1042,2025-06-10,17:28:51,1083,Male,37,Clothing,2,52.69,34.26,105.38
1043,2025-01-17,12:21:22,1248,Male,28,Electronics,1,288.69,187.65,288.69
1044,2025-10-02,09:32:48,1079,Male,41,Clothing,1,58.63,30.64,58.63
1045,2025-12-21,20:17:17,1247,Male,23,Beauty,1,72.91,50.74,72.91
1046,2025-09-11,16:25:59,1099,Female,29,Clothing,3,156.14,119.82,468.42
1047,2025-02-22,17:49:37,1160,Male,31,Sports,4,132.20,77.98,528.80
1048,2025-05-20,19:39:06,1311,Female,45,Clothing,4,79.70,57.41,318.80
1049,2025-08-19,13:02:32,1130,Female,36,Electronics,5,799.35,499.65,3996.75
1050,2025-07-23,10:11:51,1166,Female,29,Beauty,3,22.63,12.96,67.89
1051,2025-06-10,12:20:44,1006,Female,31,Beauty,4,98.50,62.58,394.00
1052,2025-07-17,14:13:33,1112,Male,53,Clothing,4,119.23,87.49,476.92
1053,2025-02-08,17:41:26,1350,Female,38,Home,1,93.41,57.26,93.41
1054,2025-01-24,21:26:07,1064,Female,28,Electronics,1,564.76,258.11,564.76
1055,2025-01-10,17:54:36,1003,Female,36,Clothing,1,174.86,109.47,174.86
1056,2025-09-28,10:41:01,1036,Female,24,Home,1,162.83,90.32,162.83
1057,2025-06-27,15:35:49,1161,Female,57,Clothing,5,71.26,43.67,356.30
1058,2025-11-25,21:07:53,1192,Male,19,Clothing,1,152.95,118.97,152.95
1059,2025-12-19,18:14:10,1046,Male,64,Sports,4,104.84,81.41,419.36
1060,2025-12-19,20:16:56,1402,Male,25,Clothing,1,72.16,48.85,72.16
1061,2025-07-14,14:10:59,1071,Female,25,Clothing,3,158.59,117.83,475.77
1062,2025-07-31,17:42:07,1268,Male,54,Beauty,1,66.46,46.85,66.46
1063,2025-09-05,13:16:49,1152,Male,40,Electronics,3,795.76,551.17,2387.28
1064,2025-04-16,18:04:31,1031,Male,18,Electronics,2,463.88,283.39,927.76
1065,2025-06-24,13:37:48,1271,Female,37,Home,4,239.69,116.22,958.76
1066,2025-03-08,13:23:24,1500,Female,57,Electronics,1,719.62,389.81,719.62
1067,2025-03-26,18:55:36,1332,Male,27,Beauty,1,26.25,11.96,26.25
1068,2025-08-24,13:01:30,1339,Female,40,Clothing,1,168.67,99.92,168.67
1069,2025-03-19,15:27:32,1171,Male,46,Clothing,2,40.16,27.77,80.32
1070,2025-08-05,13:12:25,1091,Female,51,Electronics,1,505.27,235.69,505.27
1071,2025-05-08,21:14:07,1028,Male,54,Clothing,1,35.21,18.48,35.21
1072,2025-11-14,18:25:25,1202,Male,32,Home,1,311.45,161.29,311.45
1073,2025-04-15,15:18:45,1306,Female,64,Clothing,4,53.69,35.18,214.76
1074,2025-06-06,19:44:15,1088,Female,61,Clothing,4,54.04,26.85,216.16
1075,2025-01-07,17:27:21,1011,Male,34,Sports,3,59.27,26.86,177.81
1076,2025-06-30,21:37:00,1251,Male,48,Clothing,2,151.93,118.02,303.86
1077,2025-04-27,16:10:48,1076,Male,24,Beauty,2,92.30,63.92,184.60
1078,2025-10-07,14:31:16,1187,Female,18,Home,1,126.36,78.45,126.36
1079,2025-12-06,19:57:53,1306,Female,25,Clothing,2,105.49,52.62,210.98
1080,2025-07-30,19:42:09,1183,Female,19,Clothing,5,139.86,79.53,699.30
1081,2025-02-15,13:24:40,1056,Female,58,Electronics,2,817.36,626.29,1634.72
1082,2025-09-27,13:58:43,1179,Female,43,Electronics,1,855.12,438.58,855.12
1083,2025-10-24,16:21:53,1314,Male,45,Home,3,211.33,119.30,633.99
1084,2025-02-26,21:31:59,1351,Male,47,Home,1,197.42,125.20,197.42
1085,2025-03-25,14:18:04,1410,Female,18,Beauty,3,37.82,18.56,113.46
1086,2025-09-08,14:27:22,1339,Male,21,Clothing,1,79.28,58.15,79.28
1087,2025-12-07,21:35:09,1489,Male,63,Clothing,1,179.37,115.36,179.37
1088,2025-02-11,14:02:30,1478,Female,33,Home,2,233.85,179.85,467.70
1089,2025-02-20,20:58:19,1306,Female,29,Electronics,1,636.72,408.01,636.72
1090,2025-12-16,18:16:08,1214,Male,37,Beauty,4,46.22,27.83,184.88
1091,2025-04-04,15:56:53,1224,Male,26,Electronics,2,649.19,438.92,1298.38
1092,2025-07-03,16:27:29,1216,Female,47,Clothing,5,111.63,65.74,558.15
1093,2025-03-13,17:19:50,1125,Female,26,Electronics,4,817.93,382.52,3271.72
1094,2025-07-21,12:42:00,1237,Female,21,Clothing,5,66.88,32.46,334.40
1095,2025-11-01,11:18:36,1247,Female,21,Clothing,2,115.62,79.38,231.24
1096,2025-12-26,13:09:35,1380,Female,26,Clothing,4,129.73,71.26,518.92
1097,2025-06-09,18:59:00,1413,Female,57,Home,1,66.71,43.31,66.71
1098,2025-03-03,16:15:13,1054,Female,19,Home,,172.02,84.32,172.02
1099,2025-07-27,16:11:52,1121,Female,57,Home,2,304.98,180.75,609.96
1100,2025-11-22,09:09:52,1382,Male,28,Electronics,1,653.70,397.81,653.70
1101,2025-05-29,17:37:31,1189,Female,43,Beauty,2,98.98,71.11,197.96
1102,2025-03-17,09:29:07,1289,Female,18,Electronics,3,107.95,71.99,323.85
1103,2025-08-16,10:58:22,1493,Male,47,Sports,1,125.42,62.99,125.42
1104,2025-09-14,19:32:13,1179,Female,50,Clothing,2,126.67,87.07,253.34
1105,2025-06-23,16:54:50,1072,Female,60,Beauty,4,56.36,37.36,225.44
1106,2025-07-12,21:38:42,1093,Female,26,Home,2,218.43,140.42,436.86
1107,2025-07-26,11:01:54,1376,Male,32,Clothing,5,41.46,25.18,207.30
1108,2025-04-29,21:51:58,1376,Male,24,Sports,4,60.02,41.98,240.08
1109,2025-08-04,20:03:39,1129,Male,20,Home,3,53.32,34.67,159.96
1110,2025-01-16,20:20:06,1358,Female,42,Clothing,2,123.80,63.71,247.60
1111,2025-09-09,16:18:14,1104,Male,45,Home,1,288.78,185.42,288.78
1112,2025-11-19,21:06:13,1018,Male,18,Beauty,2,57.84,27.40,115.68
1113,2025-04-05,18:58:46,1329,Female,30,Home,2,212.52,120.33,425.04
1114,2025-11-13,20:54:08,1411,Male,46,Beauty,1,54.49,25.93,54.49
1115,2025-09-22,14:07:31,1119,Male,56,Electronics,3,98.48,53.74,295.44
1116,2025-05-09,15:22:04,1447,Male,36,Clothing,4,114.18,86.49,456.72
1117,2025-09-14,14:39:03,1280,Male,55,Beauty,1,111.33,51.20,111.33
1118,2025-06-23,15:12:21,1455,Male,26,Clothing,1,151.60,106.11,151.60
1119,2025-02-01,13:04:51,1486,Male,40,Sports,2,238.48,155.51,476.96
1120,2025-02-11,20:30:08,1139,Male,24,Clothing,3,103.68,61.42,311.04
1121,2025-06-05,19:56:14,1011,Male,19,Home,2,289.64,212.57,579.28
1122,2025-12-16,18:01:35,1247,Male,42,Home,2,252.54,149.21,505.08
1123,2025-03-12,12:07:57,1316,Female,40,Clothing,1,92.66,48.79,92.66
1124,2025-10-29,09:26:47,1386,Male,18,Sports,1,77.48,36.31,77.48
1125,2025-08-13,13:02:20,1180,Male,36,Clothing,3,86.66,57.77,259.98
1126,2025-02-09,14:34:13,1254,Female,32,Beauty,2,46.79,29.57,93.58
1127,2025-12-01,14:57:17,1164,Male,21,Beauty,5,58.14,35.49,290.70
1128,2025-02-10,13:08:53,1500,Male,37,Home,2,97.45,70.11,194.90
1129,2025-03-14,10:15:44,1226,Female,25,Clothing,1,154.63,99.60,154.63
1130,2025-06-03,19:05:03,1143,Female,49,Clothing,2,84.30,44.18,168.60
1131,2025-07-14,13:27:34,1027,Female,20,Electronics,1,365.20,237.70,365.20
1132,2025-06-22,20:58:16,1415,Male,19,Beauty,2,102.07,60.33,204.14
1133,2025-01-30,19:35:24,1488,Female,52,Beauty,2,75.12,46.67,150.24
1134,2025-03-25,21:29:47,1474,Male,26,Sports,3,84.56,45.71,253.68
1135,2025-05-08,18:18:21,1293,Female,20,Electronics,3,376.59,266.70,1129.77
1136,2025-11-08,09:19:36,1339,Female,34,Home,1,172.02,77.91,172.02
1137,2025-01-19,21:30:40,1433,Male,44,Clothing,1,170.52,111.08,170.52
1138,2025-06-10,21:28:11,1133,Female,34,Sports,2,49.26,24.56,98.52
1139,2025-11-13,17:14:07,1336,Male,29,Home,2,305.38,141.65,610.76
1140,2025-04-27,11:45:16,1500,Female,19,Electronics,2,783.14,538.05,1566.28
1141,2025-11-04,13:06:04,1260,Female,25,Electronics,1,274.32,157.06,274.32
1142,2025-12-15,15:41:27,1449,Female,27,Clothing,2,119.08,91.90,238.16
1143,2025-11-30,15:18:39,1016,Male,41,Clothing,4,169.20,77.57,676.80
1144,2025-11-08,13:20:32,1367,Female,31,Beauty,3,76.18,38.05,228.54
1145,2025-11-29,11:04:59,1115,Female,52,Home,2,301.23,140.67,602.46
1146,2025-08-30,17:33:28,1163,Female,30,Home,1,123.78,65.63,123.78
1147,2025-07-05,13:20:47,1498,Male,62,Clothing,4,138.58,78.91,554.32
1148,2025-06-30,17:04:58,1186,Female,56,Clothing,1,146.88,106.22,146.88
1149,2025-03-06,20:15:49,1466,Female,61,Electronics,1,193.27,105.27,193.27
1150,2025-06-10,12:26:26,1259,Male,54,Beauty,1,107.55,54.78,107.55
1151,2025-08-21,09:07:26,1135,Female,65,Clothing,4,159.77,73.16,639.08
1152,2025-03-27,21:08:32,1444,Female,45,Beauty,2,57.24,39.21,114.48
1153,2025-03-02,15:52:57,1173,Male,64,Clothing,2,139.51,83.45,279.02
1154,2025-07-29,17:47:53,1224,Female,48,Home,3,264.70,170.61,794.10
1155,2025-09-18,11:57:00,1304,Female,61,Electronics,2,391.09,241.64,782.18
1156,2025-10-29,14:49:06,1119,Female,49,Beauty,4,74.23,47.61,296.92
1157,2025-08-07,14:24:20,1388,Male,27,Clothing,4,171.48,118.53,685.92
1158,2025-08-09,16:36:56,1316,Female,24,Beauty,1,32.39,19.78,32.39
1159,2025-04-25,20:18:58,1133,Male,32,Electronics,1,195.62,142.18,195.62
1160,2025-03-28,09:57:02,1492,Male,18,Beauty,2,101.35,55.03,202.70
1161,2025-10-20,15:28:33,1065,Female,36,Sports,4,184.74,90.45,738.96
1162,2025-08-10,16:05:55,1071,Female,64,Electronics,3,874.12,608.05,2622.36
1163,2025-04-24,18:20:10,1260,Female,35,Beauty,3,92.23,43.76,276.69
1164,2025-12-19,14:59:02,1222,Male,63,Home,4,131.61,87.94,526.44
1165,2025-11-17,10:40:40,1005,Male,26,Electronics,1,795.13,409.15,795.13
1166,2025-08-29,12:52:11,1376,Female,36,Clothing,1,123.39,76.55,123.39
1167,2025-04-20,09:04:31,1286,Male,63,Clothing,1,89.81,51.69,89.81
1168,2025-10-26,13:22:30,1272,Male,37,Home,3,310.01,189.66,930.03
1169,2025-11-19,15:22:34,1247,Female,24,Clothing,4,174.25,122.34,697.00
1170,2025-08-03,21:20:15,1340,Female,25,Clothing,3,173.23,97.82,519.69
1171,2025-07-23,18:49:56,1248,Female,56,Beauty,1,39.66,24.49,39.66
1172,2025-07-29,11:49:20,1134,Female,44,Beauty,2,61.40,46.12,122.80
1173,2025-05-18,16:14:21,1326,Male,37,Beauty,4,38.24,23.97,152.96
1174,2025-11-17,12:39:39,1169,Male,56,Electronics,1,859.23,494.17,859.23
1175,2025-12-27,15:22:49,1393,Male,59,Clothing,2,57.62,44.66,115.24
1176,2025-10-02,15:45:14,1149,Male,41,Beauty,3,37.64,28.61,112.92
1177,2025-01-19,19:48:33,1053,Female,49,Clothing,1,68.88,45.35,68.88
1178,2025-12-19,14:17:47,1064,Female,59,Beauty,4,100.92,74.12,403.68
1179,2025-02-09,11:46:45,1391,Female,19,Clothing,2,153.69,76.86,307.38
1180,2025-10-29,19:12:53,1311,Female,38,Beauty,1,93.07,55.98,93.07
1181,2025-02-21,14:41:36,1242,Female,36,Beauty,2,38.34,20.78,76.68
1182,2025-05-26,20:34:32,1126,Female,19,Sports,5,187.34,131.45,936.70
1183,2025-02-25,16:36:01,1204,Male,46,Beauty,2,74.13,41.49,148.26
1184,2025-11-19,21:06:35,1087,Male,49,Electronics,2,148.79,108.11,297.58
1185,2025-09-25,18:36:48,1120,Male,49,Clothing,1,73.28,36.62,73.28
1186,2025-06-14,18:38:26,1447,Male,35,Home,3,271.61,171.13,814.83
1187,2025-06-10,21:15:20,1237,Female,50,Electronics,3,686.54,517.66,2059.62
1188,2025-08-06,18:24:08,1388,Male,28,Electronics,1,179.61,132.38,179.61
1189,2025-02-28,10:27:31,1088,Female,26,Home,2,205.07,112.36,410.14
1190,2025-08-11,21:46:59,1451,Female,51,Beauty,2,108.40,54.72,216.80
1191,2025-05-29,16:13:51,1315,Female,51,Electronics,1,467.13,261.11,467.13
1192,2025-03-11,13:45:53,1243,Male,38,Beauty,1,30.79,23.78,30.79
1193,2025-06-09,18:12:44,1049,Female,39,Clothing,2,121.87,57.53,243.74
1194,2025-11-22,17:14:22,1322,Male,30,Clothing,4,152.22,97.86,608.88
1195,2025-06-06,15:49:25,1479,Female,53,Electronics,1,620.68,310.53,620.68
1196,2025-04-21,14:16:36,1053,Male,51,Electronics,1,708.16,499.08,708.16
1197,2025-10-31,17:51:47,1447,Female,31,Clothing,5,146.42,70.30,732.10
1198,2025-11-11,12:10:30,1448,Male,38,Clothing,1,175.33,125.60,175.33
1199,2025-08-06,17:20:19,1257,Male,33,Electronics,2,389.39,236.20,778.78
1200,2025-06-09,19:20:33,1041,Male,28,Sports,3,211.73,153.96,635.19
1201,2025-10-14,16:44:50,1129,Male,53,Sports,1,169.98,125.08,169.98
1202,2025-08-27,18:22:46,1218,Male,57,Electronics,5,898.28,517.60,4491.40
1203,2025-04-02,20:00:12,1227,Female,51,Clothing,1,115.86,86.97,115.86
1204,2025-05-10,16:00:38,1140,Male,59,Clothing,1,99.20,67.41,99.20
1205,2025-05-10,14:03:36,1422,Male,63,Sports,2,249.36,152.56,498.72
1206,2025-08-31,18:41:48,1280,Male,20,Beauty,3,79.36,54.19,238.08
1207,2025-04-01,20:08:05,1215,Male,21,Beauty,1,89.61,65.69,89.61
1208,2025-05-23,21:12:41,1315,Male,39,Home,1,301.43,206.20,301.43
1209,2025-10-28,18:23:33,1008,Female,44,Home,1,244.29,176.44,244.29
1210,2025-09-14,12:17:05,1089,Female,20,Clothing,2,55.80,28.30,111.60
1211,2025-01-02,14:35:22,1061,Female,47,Electronics,2,650.96,392.39,1301.92
1212,2025-03-01,20:11:46,1045,Male,38,Electronics,3,871.93,619.32,2615.79
1213,2025-04-22,17:29:05,1450,Male,37,Home,4,235.54,120.85,942.16
1214,2025-03-09,14:24:45,1147,Male,35,Clothing,1,73.91,37.85,73.91
1215,2025-04-13,13:18:16,1358,Female,34,Clothing,2,80.05,56.43,160.10
1216,2025-09-25,16:40:43,1426,Male,20,Sports,1,154.60,98.58,154.60
1217,2025-12-26,16:41:51,1350,Female,31,Beauty,2,116.69,81.13,233.38
1218,2025-05-18,11:49:13,1133,Male,47,Clothing,2,167.90,110.52,335.80
1219,2025-09-01,12:37:20,1191,Female,60,Electronics,3,107.76,70.88,323.28
1220,2025-01-05,12:30:21,1173,Male,29,Sports,2,90.44,46.25,180.88
1221,2025-01-12,16:39:29,1304,Female,64,Beauty,1,102.58,58.79,102.58
1222,2025-06-22,16:25:19,1021,Male,50,Clothing,1,91.01,58.30,91.01
1223,2025-10-31,09:32:10,1473,Female,56,Sports,1,236.85,182.59,236.85
1224,2025-03-13,12:21:50,1492,Male,23,Beauty,3,95.41,57.38,286.23
1225,2025-03-26,16:42:09,1103,Male,37,Beauty,4,34.38,20.42,137.52
1226,2025-05-06,12:35:54,1398,Female,18,Beauty,2,51.19,34.64,102.38
1227,2025-12-24,13:30:42,1193,Female,63,Clothing,2,167.13,92.77,334.26
1228,2025-03-10,15:20:57,1145,Female,56,Beauty,2,22.52,15.64,45.04
1229,2025-10-28,09:56:38,1092,Male,41,Beauty,1,67.65,43.82,67.65
1230,2025-07-23,20:41:14,1071,Female,30,Clothing,1,71.80,41.41,71.80
1231,2025-04-03,15:18:19,1199,Female,20,Clothing,1,173.03,100.60,173.03
1232,2025-09-22,19:29:51,1043,Female,61,Home,2,239.88,171.82,479.76
1233,2025-03-24,14:36:32,1197,Female,18,Beauty,2,115.79,81.58,231.58
1234,2025-06-05,15:47:40,1060,Female,50,Beauty,1,64.72,40.55,64.72
1235,2025-07-06,12:11:27,1273,Female,61,Clothing,5,26.08,17.83,130.40
1236,2025-05-13,13:52:39,1373,Female,45,Clothing,1,68.67,42.00,68.67
1237,2025-07-07,10:38:43,1190,Female,45,Beauty,3,46.10,29.00,138.30
1238,2025-04-02,14:26:01,1229,Female,37,Electronics,2,568.54,262.71,1137.08
1239,2025-07-22,14:05:34,1049,Male,64,Clothing,4,101.48,57.23,405.92
1240,2025-08-23,18:15:58,1423,Female,20,Clothing,1,82.78,63.94,82.78
1241,2025-11-23,19:06:24,1263,Male,39,Sports,2,192.33,87.97,384.66
1242,2025-05-12,18:47:56,1041,Female,25,Home,5,212.69,138.92,1063.45
1243,2025-10-04,19:15:44,1410,Male,41,Electronics,5,256.47,138.67,1282.35
1244,2025-12-19,19:17:32,1344,Male,56,Beauty,1,34.03,15.37,34.03
1245,2025-04-17,09:26:42,1067,Female,35,Beauty,2,97.98,47.23,195.96
1246,2025-04-26,09:20:14,1033,Female,64,Home,2,294.63,194.30,589.26
1247,2025-06-18,16:30:59,1286,Male,39,Beauty,2,51.37,30.95,102.74
1248,2025-09-13,13:44:10,1345,Female,34,Beauty,2,84.37,40.16,168.74
1249,2025-09-07,17:22:05,1107,Female,37,Clothing,3,73.88,33.97,221.64
1250,2025-11-16,17:39:22,1290,Female,44,Sports,5,25.38,16.08,126.90
1251,2025-09-09,21:24:58,1276,Male,42,Electronics,1,776.73,405.48,776.73
1252,2025-02-26,17:11:55,1082,Female,53,Beauty,2,93.88,60.81,187.76
1253,2025-06-13,18:40:06,1341,Female,50,Electronics,4,401.58,246.29,1606.32
1254,2025-08-26,14:59:28,1081,Male,43,Clothing,1,107.56,64.87,107.56
1255,2025-03-30,18:06:24,1298,Female,44,Beauty,2,81.82,40.56,163.64
1256,2025-11-14,16:05:38,1293,Female,19,Beauty,2,41.24,24.98,82.48
1257,2025-02-16,21:01:47,1308,Female,53,Electronics,4,238.29,143.23,953.16
1258,2025-05-03,13:59:45,1472,Male,38,Clothing,1,35.05,22.45,35.05
1259,2025-08-24,14:38:28,1124,Male,47,Electronics,2,171.15,95.73,342.30
1260,2025-03-23,14:46:04,1004,Male,61,Electronics,5,790.99,580.99,3954.95
1261,2025-02-06,19:16:56,1367,Male,63,Home,2,237.07,108.54,474.14
1262,2025-09-04,19:03:18,1416,Female,64,Home,3,146.28,90.52,438.84
1263,2025-11-29,16:50:07,1054,Male,34,Home,3,215.54,148.35,646.62
1264,2025-07-07,15:21:09,1468,Male,48,Clothing,2,40.05,19.00,80.10
1265,2025-12-30,16:15:48,1134,Female,36,Home,2,135.81,72.67,271.62
1266,2025-05-21,17:48:08,1076,Female,19,Clothing,2,82.48,45.04,164.96
1267,2025-03-23,17:19:30,1366,Female,61,Clothing,3,140.28,69.91,420.84
1268,2025-05-30,19:16:40,1117,Male,31,Electronics,1,201.66,114.98,201.66
1269,2025-09-18,18:33:25,1245,Male,40,Electronics,2,561.45,349.62,1122.90
1270,2025-07-13,19:31:41,1087,Female,29,Beauty,3,54.89,25.87,164.67
1271,2025-04-26,14:14:09,1143,Male,59,Clothing,2,102.31,67.60,204.62
1272,2025-01-07,19:54:52,1401,Male,65,Clothing,2,127.96,61.76,255.92
1273,2025-06-18,16:17:35,1493,Male,21,Beauty,1,69.91,49.85,69.91
1274,2025-04-04,18:41:54,1126,Male,62,Home,5,86.78,46.66,433.90
1275,2025-05-23,11:12:46,1426,Male,26,Electronics,1,129.91,83.57,129.91
1276,2025-10-25,16:06:34,1452,Male,38,Home,2,53.38,31.81,106.76
1277,2025-09-01,13:34:37,1111,Female,37,Electronics,4,557.01,271.15,2228.04
1278,2025-08-15,19:12:37,1413,Female,18,Clothing,1,88.11,58.00,88.11
1279,2025-06-18,16:32:18,1488,Female,34,Sports,1,77.28,49.09,77.28
1280,2025-06-08,17:07:48,1485,Male,49,Clothing,2,163.47,100.31,326.94
1281,2025-04-02,11:27:43,1156,Male,46,Beauty,3,87.13,44.77,261.39
1282,2025-02-25,18:13:19,1257,Female,38,Home,3,181.00,136.85,543.00
1283,2025-04-18,17:09:20,1081,Male,43,Home,2,302.75,151.94,605.50
1284,2025-09-22,21:41:38,1404,Female,64,Clothing,2,169.59,124.23,339.18
1285,2025-06-05,15:19:21,1373,Female,65,Beauty,2,47.34,33.22,94.68
1286,2025-01-03,18:25:03,1496,Female,40,Electronics,2,194.74,105.25,389.48
1287,2025-12-27,13:42:45,1132,Female,41,Clothing,2,91.26,57.87,182.52
1288,2025-04-13,19:39:32,1226,Female,24,Clothing,3,49.86,37.93,149.58
1289,2025-10-31,16:02:49,1338,Female,62,Sports,1,182.49,141.56,182.49
1290,2025-10-28,15:06:03,1328,Female,35,Electronics,1,439.26,266.06,439.26
1291,2025-02-07,14:49:46,1212,Male,27,Electronics,2,550.75,327.49,1101.50
1292,2025-06-17,17:48:42,1134,Female,62,Clothing,1,144.68,102.63,144.68
1293,2025-12-31,18:54:23,1464,Female,65,Sports,2,62.35,37.54,124.70
1294,2025-06-20,13:45:16,1131,Male,26,Clothing,2,88.67,54.13,177.34
1295,2025-01-25,19:03:58,1263,Female,19,Electronics,5,896.44,661.68,4482.20
1296,2025-06-17,19:31:18,1295,Female,58,Clothing,1,36.71,23.28,36.71
1297,2025-02-27,16:51:32,1434,Male,54,Sports,5,160.31,111.92,801.55
1298,2025-12-17,15:17:29,1232,Male,59,Beauty,2,34.08,20.44,68.16
1299,2025-12-21,18:27:56,1011,Female,54,Clothing,2,121.67,55.09,243.34
1300,2025-06-15,15:16:54,1115,Female,52,Beauty,3,84.87,54.28,254.61
1301,2025-07-01,20:45:55,1296,Male,30,Home,1,95.97,44.02,95.97
1302,2025-11-05,21:02:49,1066,Female,22,Beauty,1,48.11,24.96,48.11
1303,2025-06-05,12:17:14,1480,Male,40,Clothing,5,161.03,79.01,805.15
1304,2025-07-12,09:55:47,1438,Male,42,Clothing,1,92.97,65.49,92.97
1305,2025-10-30,19:05:11,1260,Male,28,Home,2,68.51,44.50,137.02
1306,2025-06-12,15:13:05,1410,Female,48,Clothing,2,42.36,19.16,84.72
1307,2025-08-04,15:54:06,1182,Female,37,Home,4,168.93,92.78,675.72
1308,2025-12-26,11:41:51,1200,Female,19,Sports,2,83.18,46.30,166.36
1309,2025-03-14,19:11:36,1005,Male,51,Clothing,3,132.74,62.41,398.22
1310,2025-04-18,20:42:18,1191,Female,28,Beauty,2,33.34,16.67,66.68
1311,2025-12-09,13:56:59,1057,Male,19,Beauty,2,47.14,35.35,94.28
1312,2025-05-16,17:01:50,1014,Female,19,Sports,4,27.87,20.94,111.48
1313,2025-01-24,16:48:38,1370,Male,28,Clothing,1,79.04,46.52,79.04
1314,2025-02-03,12:30:29,1213,Female,26,Sports,1,206.17,125.18,206.17
1315,2025-05-12,12:42:34,1188,Male,48,Beauty,2,102.26,50.26,204.52
1316,2025-09-21,12:09:14,1338,Male,65,Clothing,4,87.59,42.46,350.36
1317,2025-04-26,14:46:42,1155,Female,63,Sports,2,173.72,111.26,347.44
1318,2025-05-17,18:08:20,1217,Female,60,Clothing,4,139.14,96.96,556.56
1319,2025-07-17,17:50:12,1094,Male,27,Electronics,1,765.01,444.42,765.01
1320,2025-01-06,17:30:54,1177,Male,58,Sports,2,243.28,189.17,486.56
1321,2025-08-21,17:34:28,1061,Female,59,Home,1,325.64,242.45,325.64
1322,2025-05-11,15:55:31,1396,Female,60,Clothing,3,157.71,84.65,473.13
1323,2025-07-07,15:01:34,1065,Male,32,Sports,1,210.92,144.52,210.92
1324,2025-03-06,20:19:28,1224,Male,50,Clothing,4,152.10,94.09,608.40
1325,2025-03-14,19:14:49,1009,Male,64,Home,3,198.18,125.99,594.54
1326,2025-09-29,16:51:34,1186,Male,62,Sports,2,142.10,68.64,284.20
1327,2025-03-26,17:54:39,1116,Male,52,Sports,4,160.22,86.82,640.88
1328,2025-07-25,14:57:33,1498,Female,48,Beauty,5,29.29,13.18,146.45
1329,2025-05-09,18:42:19,1107,Male,21,Home,2,74.90,37.67,149.80
1330,2025-05-05,15:10:41,1215,Female,55,Clothing,1,154.32,118.50,154.32
1331,2025-05-22,12:25:07,1372,Male,31,Beauty,3,85.58,38.82,256.74
1332,2025-03-02,16:33:06,1396,Female,32,Electronics,1,325.03,225.95,325.03
1333,2025-08-21,12:56:48,1467,Female,35,Sports,4,29.42,15.72,117.68
1334,2025-11-17,16:37:10,1449,Female,36,Clothing,5,40.97,26.59,204.85
1335,2025-11-03,19:15:55,1436,Female,62,Sports,2,116.99,86.05,233.98
1336,2025-05-24,19:46:17,1464,Female,58,Electronics,4,424.11,328.44,1696.44
1337,2025-02-12,09:45:51,1249,Male,55,Beauty,3,77.06,37.32,231.18
1338,2025-12-29,16:38:53,1290,Female,56,Electronics,2,838.70,543.94,1677.40
1339,2025-10-30,19:41:06,1295,Male,25,Sports,2,74.88,51.22,149.76
1340,2025-11-06,15:25:45,1382,Male,40,Electronics,2,441.00,324.10,882.00
1341,2025-01-20,20:52:51,1322,Female,60,Sports,1,69.69,45.86,69.69
1342,2025-06-18,11:58:26,1411,Male,64,Beauty,2,108.55,73.31,217.10
1343,2025-06-30,21:15:17,1229,Male,38,Beauty,1,119.05,84.75,119.05
1344,2025-04-18,17:55:35,1332,Female,65,Beauty,3,51.60,37.60,154.80
1345,2025-02-15,15:39:34,1379,Male,38,Home,3,62.42,41.26,187.26
1346,2025-06-10,17:40:11,1388,Female,30,Clothing,2,134.65,96.40,269.30
1347,2025-07-05,18:10:20,1009,Male,30,Electronics,3,825.24,523.99,2475.72
1348,2025-10-14,16:25:39,1357,Male,30,Clothing,4,135.31,90.50,541.24
1349,2025-05-15,12:21:34,1182,Female,26,Sports,5,43.83,31.51,219.15
1350,2025-05-31,17:05:20,1116,Female,20,Clothing,5,49.03,22.49,245.15
1351,2025-04-25,19:14:15,1449,Male,46,Electronics,1,257.09,136.36,257.09
1352,2025-01-11,19:30:53,1225,Female,53,Electronics,2,545.83,398.35,1091.66
1353,2025-10-25,15:36:56,1462,Female,65,Clothing,2,148.50,106.11,297.00
1354,2025-08-09,15:57:59,1480,Male,38,Electronics,3,143.17,79.62,429.51
1355,2025-12-26,14:34:37,1066,Male,50,Home,1,201.32,145.49,201.32
1356,2025-04-27,18:45:44,1331,Male,47,Clothing,2,154.68,91.96,309.36
1357,2025-10-30,16:10:01,1287,Female,53,Electronics,2,814.59,556.43,1629.18
1358,2025-02-02,18:04:46,1142,Female,64,Clothing,2,117.65,82.62,235.30
1359,2025-03-10,21:13:42,1232,Female,52,Home,1,127.49,90.96,127.49
1360,2025-09-18,21:09:49,1277,Female,18,Sports,3,32.18,20.72,96.54
1361,2025-02-06,17:33:26,1374,Male,64,Clothing,3,176.87,137.35,530.61
1362,2025-04-03,09:59:31,1374,Male,39,Clothing,2,171.65,131.00,343.30
1363,2025-07-18,19:24:44,1243,Male,39,Clothing,1,73.24,43.36,73.24
1364,2025-05-10,16:11:16,1206,Male,32,Beauty,1,82.96,49.70,82.96
1365,2025-02-18,16:01:56,1311,Male,53,Clothing,1,82.84,63.62,82.84
1366,2025-09-28,09:20:24,1157,Male,54,Electronics,5,784.67,401.91,3923.35
1367,2025-11-14,16:34:13,1500,Female,24,Sports,2,229.90,147.00,459.80
1368,2025-08-14,18:56:49,1091,Male,46,Clothing,2,31.01,23.76,62.02
1369,2025-03-03,19:19:59,1150,Male,40,Home,1,218.83,105.67,218.83
1370,2025-04-09,17:39:58,1173,Female,60,Electronics,2,398.85,194.80,797.70
1371,2025-10-11,11:15:23,1073,Male,49,Clothing,2,87.66,65.96,175.32
1372,2025-09-03,19:58:42,1363,Male,51,Clothing,4,126.49,80.42,505.96
1373,2025-12-26,16:25:48,1280,Male,36,Beauty,1,62.03,47.24,62.03
1374,2025-08-07,15:24:05,1252,Male,49,Clothing,2,111.99,61.70,223.98
1375,2025-05-28,18:44:03,1271,Male,30,Sports,2,90.64,67.72,181.28
1376,2025-10-05,13:20:47,1025,Male,21,Sports,2,108.53,68.10,217.06
1377,2025-12-17,20:47:32,1269,Male,50,Beauty,4,88.41,42.66,353.64
1378,2025-04-06,20:45:20,1038,Male,49,Clothing,1,124.27,93.74,124.27
1379,2025-04-16,20:07:59,1149,Male,33,Electronics,1,830.50,422.25,830.50
1380,2025-07-19,19:23:58,1429,Female,20,Clothing,2,117.81,63.05,235.62
1381,2025-08-05,18:45:55,1462,Female,31,Sports,4,170.27,99.61,681.08
1382,2025-01-06,15:26:24,1143,Male,49,Clothing,3,26.62,12.35,79.86
1383,2025-08-18,12:44:14,1037,Male,25,Clothing,1,147.63,92.59,147.63
1384,2025-03-27,21:16:43,1367,Female,36,Electronics,2,313.46,152.28,626.92
1385,2025-03-03,15:56:56,1104,Male,53,Home,2,94.25,43.52,188.50
1386,2025-09-03,12:14:02,1427,Female,29,Clothing,1,132.51,78.69,132.51
1387,2025-07-09,16:09:28,1306,Male,60,Sports,1,196.36,102.00,196.36
1388,2025-06-12,10:00:09,1175,Female,29,Beauty,2,36.07,20.89,72.14
1389,2025-03-20,21:32:04,1116,Male,58,Clothing,2,126.99,93.66,253.98
1390,2025-02-05,19:38:33,1148,Male,27,Electronics,1,340.39,160.49,340.39
1391,2025-09-23,16:39:46,1087,Female,41,Clothing,3,164.74,74.45,494.22
1392,2025-01-02,17:52:24,1394,Male,32,Home,2,41.26,18.84,82.52
1393,2025-09-01,20:41:24,1145,Female,46,Sports,2,74.66,39.76,149.32
1394,2025-11-22,16:58:57,1079,Female,52,Sports,1,71.48,49.41,71.48
1395,2025-07-18,21:56:10,1189,Male,45,Home,2,76.07,52.07,152.14
1396,2025-10-05,19:25:08,1431,Female,31,Sports,2,116.86,80.87,233.72
1397,2025-08-16,21:29:23,1173,Female,60,Beauty,1,90.95,47.44,90.95
1398,2025-04-08,17:55:46,1338,Female,47,Electronics,2,706.46,468.04,1412.92
1399,2025-04-20,15:30:06,1278,Female,37,Sports,4,239.82,140.53,959.28
1400,2025-04-13,13:35:56,1081,Female,51,Beauty,1,114.04,59.09,114.04
1401,2025-10-18,17:17:47,1349,Male,59,Beauty,1,97.10,56.87,97.10
1402,2025-08-28,14:47:08,1391,Female,38,Electronics,2,705.98,464.02,1411.96
1403,2025-01-19,18:50:04,1044,Male,18,Sports,1,219.98,105.52,219.98
1404,2025-07-02,13:09:13,1158,Male,41,Electronics,4,338.71,202.34,1354.84
1405,2025-06-23,18:18:19,1052,Male,27,Clothing,4,43.36,25.37,173.44
1406,2025-10-15,17:30:44,1144,Male,25,Electronics,2,200.25,140.05,400.50
1407,2025-03-11,20:30:24,1245,Male,19,Electronics,2,889.97,529.99,1779.94
1408,2025-10-20,13:57:01,1497,Female,60,Electronics,5,806.20,598.64,4031.00
1409,2025-02-05,13:39:19,1347,Female,27,Clothing,5,169.93,87.52,849.65
1410,2025-11-21,14:45:50,1486,Male,40,Electronics,1,735.44,547.20,735.44
1411,2025-08-02,21:23:54,1130,Male,50,Clothing,4,105.67,64.62,422.68
1412,2025-03-27,10:15:44,1157,Female,46,Sports,1,97.63,75.99,97.63
1413,2025-12-03,16:05:21,1283,Male,26,Sports,1,233.11,149.03,233.11
1414,2025-06-04,15:57:30,1195,Female,20,Home,2,116.49,66.52,232.98
1415,2025-09-20,19:50:27,1209,Female,26,Sports,2,185.40,113.34,370.80
1416,2025-05-17,11:28:58,1344,Male,60,Sports,4,218.14,99.82,872.56
1417,2025-03-07,19:06:15,1039,Male,41,Clothing,1,113.65,54.42,113.65
1418,2025-02-08,09:00:47,1414,Female,57,Clothing,5,115.33,88.78,576.65
1419,2025-11-20,20:50:42,1055,Male,21,Home,3,93.85,44.75,281.55
1420,2025-02-16,18:05:00,1222,Male,31,Clothing,1,37.31,23.31,37.31
1421,2025-09-01,19:45:31,1310,Male,48,Clothing,4,129.80,61.03,519.20
1422,2025-04-05,16:05:11,1499,Male,34,Clothing,5,109.01,74.23,545.05
1423,2025-12-26,18:12:11,1435,Female,32,Clothing,2,123.47,80.07,246.94
1424,2025-09-17,17:13:27,1129,Female,65,Clothing,4,26.08,17.62,104.32
1425,2025-05-25,18:04:03,1033,Female,40,Sports,3,33.89,20.06,101.67
1426,2025-12-12,18:45:28,1007,Male,38,Electronics,2,831.39,560.99,1662.78
1427,2025-12-14,21:36:16,1373,Female,46,Beauty,2,100.15,54.99,200.30
1428,2025-09-08,14:47:12,1117,Male,20,Home,4,161.11,89.74,644.44
1429,2025-07-26,16:57:29,1232,Male,27,Home,5,153.38,113.23,766.90
1430,2025-06-12,15:55:40,1077,Female,41,Clothing,3,147.66,74.87,442.98
1431,2025-10-31,21:13:06,1009,Female,48,Clothing,1,77.28,44.78,77.28
1432,2025-06-05,19:54:35,1143,Male,30,Beauty,2,90.99,69.39,181.98
1433,2025-03-23,16:42:03,1181,Male,22,Sports,2,182.39,90.59,364.78
1434,2025-09-23,21:51:13,1214,Female,18,Sports,1,165.25,91.30,165.25
1435,2025-11-13,15:07:38,1067,Female,39,Home,4,288.28,164.88,1153.12
1436,2025-08-31,11:28:23,1214,Male,31,Sports,4,178.30,133.34,713.20
1437,2025-11-21,20:30:50,1144,Female,54,Home,4,253.47,194.82,1013.88
1438,2025-11-20,17:58:14,1363,Male,33,Beauty,1,64.32,39.79,64.32
1439,2025-02-18,15:09:39,1165,Male,51,Beauty,4,78.27,59.97,313.08
1440,2025-05-17,11:24:49,1099,Female,63,Clothing,1,156.40,83.11,156.40
1441,2025-11-21,09:22:52,1318,Female,53,Clothing,1,67.28,52.15,67.28
1442,2025-11-06,20:12:52,1416,Male,56,Electronics,1,322.41,239.22,322.41
1443,2025-09-26,19:18:15,1405,Female,45,Home,1,302.86,156.70,302.86
1444,2025-06-01,09:41:41,1391,Female,23,Beauty,5,96.46,57.63,482.30
1445,2025-07-15,17:38:28,1389,Female,24,Sports,1,124.87,81.19,124.87
1446,2025-05-26,12:08:20,1490,Male,25,Clothing,2,75.61,37.56,151.22
1447,2025-07-12,16:40:27,1331,Female,43,Clothing,3,120.03,79.51,360.09
1448,2025-06-15,17:36:02,1453,Male,64,Home,1,72.20,34.11,72.20
1449,2025-03-19,11:10:45,1121,Male,41,Sports,2,97.78,68.23,195.56
1450,2025-09-10,15:03:33,1214,Female,62,Clothing,3,152.54,91.22,457.62
1451,2025-03-01,18:55:16,1117,Male,21,Electronics,1,537.30,391.24,537.30
1452,2025-04-26,16:02:14,1389,Male,27,Sports,1,51.66,29.85,51.66
1453,2025-11-21,17:01:32,1392,Female,49,Clothing,2,135.79,64.15,271.58
1454,2025-04-13,17:13:14,1299,Female,18,Beauty,4,23.47,14.50,93.88
1455,2025-03-26,15:09:34,1004,Female,35,Electronics,1,498.92,257.70,498.92
1456,2025-11-08,14:12:20,1460,Female,43,Clothing,1,69.23,44.94,69.23
1457,2025-11-30,18:49:25,1105,Male,25,Clothing,3,149.72,110.57,449.16
1458,2025-04-13,18:47:47,1153,Male,55,Home,1,145.50,95.54,145.50
1459,2025-10-18,20:53:16,1112,Male,37,Clothing,4,153.59,79.57,614.36
1460,2025-07-18,18:29:25,1309,Male,49,Beauty,3,77.66,52.04,232.98
1461,2025-05-08,11:06:56,1001,Male,57,Clothing,1,26.74,12.03,26.74
1462,2025-08-16,15:36:10,1050,Male,41,Clothing,2,54.57,40.34,109.14
1463,2025-02-08,14:41:01,1153,Male,25,Beauty,5,42.59,31.64,212.95
1464,2025-04-15,12:40:47,1488,Male,48,Clothing,3,42.45,25.48,127.35
1465,2025-10-24,18:17:17,1012,Female,22,Home,1,79.05,53.26,79.05
1466,2025-01-16,10:27:53,1239,Female,29,Sports,1,152.65,71.87,152.65
1467,2025-05-24,18:46:30,1104,Female,19,Electronics,1,869.82,589.38,869.82
1468,2025-01-01,21:02:55,1289,Female,53,Sports,1,132.36,96.62,132.36
1469,2025-01-25,14:05:38,1189,Female,48,Electronics,4,386.08,266.26,1544.32
1470,2025-10-04,12:47:40,1178,Female,29,Electronics,5,385.13,270.83,1925.65
1471,2025-03-17,19:48:56,1254,Female,41,Sports,1,39.88,19.76,39.88
1472,2025-07-03,17:28:48,1277,Male,20,Beauty,5,111.42,55.47,557.10
1473,2025-06-24,16:53:47,1082,Male,31,Home,3,156.83,116.15,470.49
1474,2025-09-14,16:33:06,1295,Male,34,Sports,1,172.87,90.73,172.87
1475,2025-12-30,19:31:07,1167,Female,53,Sports,3,140.32,73.29,420.96
1476,2025-06-29,18:44:48,1055,Male,58,Electronics,3,207.67,145.08,623.01
1477,2025-01-01,20:32:51,1056,Female,27,Sports,1,179.84,125.78,179.84
1478,2025-06-05,19:34:40,1050,Male,19,Clothing,1,70.85,51.23,70.85
1479,2025-12-15,11:16:28,1487,Male,45,Sports,1,172.16,111.42,172.16
1480,2025-06-25,15:13:19,1220,Female,58,Electronics,2,114.34,52.64,228.68
1481,2025-06-13,15:16:44,1243,Female,52,Home,2,165.26,122.39,330.52
1482,2025-12-17,16:01:24,1020,Female,23,Beauty,1,72.09,49.67,72.09
1483,2025-11-20,20:29:24,1384,Female,33,Electronics,1,464.81,293.93,464.81
1484,2025-12-27,19:13:39,1211,Male,18,Home,3,219.90,101.00,659.70
1485,2025-09-17,16:32:11,1238,Female,62,Electronics,2,737.07,507.86,1474.14
1486,2025-05-10,17:44:33,1252,Male,46,Clothing,1,50.23,28.10,50.23
1487,2025-02-26,18:53:04,1102,Female,49,Clothing,3,85.03,56.61,255.09
1488,2025-04-01,18:02:19,1094,Male,39,Sports,2,154.22,105.73,308.44
1489,2025-12-25,21:07:06,1085,Male,26,Home,2,332.94,197.96,665.88
1490,2025-07-07,19:27:01,1363,Female,58,Electronics,1,423.27,251.41,423.27
1491,2025-12-26,15:04:05,1135,Female,48,Beauty,4,111.52,82.41,446.08
1492,2025-03-03,09:05:36,1096,Male,46,Electronics,2,527.65,320.65,1055.30
1493,2025-12-03,13:26:07,1287,Male,32,Clothing,3,71.55,41.42,214.65
1494,2025-07-10,11:50:00,1058,Female,55,Electronics,3,328.74,182.60,986.22
1495,2025-05-05,19:51:13,1097,Female,48,Beauty,2,25.40,16.74,50.80
1496,2025-10-05,19:04:09,1342,Male,50,Clothing,2,142.88,110.97,285.76
1497,2025-02-07,17:15:40,1386,Female,58,Beauty,1,38.66,18.16,38.66
1498,2025-08-10,10:20:49,1203,Male,30,Electronics,2,843.24,548.21,1686.48
1499,2025-04-26,18:08:30,1315,Female,59,Sports,1,166.13,103.34,166.13
1500,2025-09-12,18:27:38,1016,Female,22,Electronics,3,657.67,463.70,1973.01
1501,2025-01-21,15:25:17,1238,Female,37,Home,4,223.69,163.80,894.76
1502,2025-08-29,16:24:48,1447,Male,48,Beauty,5,87.60,54.82,438.00
1503,2025-11-12,17:16:40,1138,Female,36,Electronics,4,266.83,148.62,1067.32
1504,2025-05-03,17:22:19,1099,Female,51,Electronics,2,308.39,206.93,616.78
1505,2025-04-07,18:56:50,1072,Female,30,Home,2,145.68,80.99,291.36
1506,2025-08-25,17:11:07,1371,Female,58,Clothing,2,117.71,66.07,235.42
1507,2025-11-28,19:23:15,1201,Female,63,Clothing,2,113.07,56.34,226.14
1508,2025-11-07,11:07:24,1417,Female,18,Clothing,1,150.86,92.53,150.86
1509,2025-10-09,17:17:32,1291,Female,30,Clothing,2,177.14,108.33,354.28
1510,2025-02-25,16:24:20,1062,Male,29,Clothing,5,142.82,66.20,714.10
1511,2025-02-05,14:35:34,1138,Male,24,Sports,1,177.95,132.42,177.95
1512,2025-10-18,11:07:21,1320,Female,36,Beauty,2,39.20,25.02,78.40
1513,2025-05-17,20:22:53,1122,Male,19,Electronics,1,339.71,243.19,339.71
1514,2025-07-16,13:39:01,1489,Male,23,Electronics,5,583.59,418.52,2917.95
1515,2025-03-05,11:54:26,1114,Male,47,Electronics,4,811.35,439.93,3245.40
1516,2025-01-02,13:19:27,1297,Female,46,Clothing,1,40.56,27.79,40.56
1517,2025-08-15,12:56:24,1436,Female,19,Electronics,4,302.81,185.38,1211.24
1518,2025-09-26,15:01:31,1260,Female,46,Electronics,3,385.83,250.14,1157.49
1519,2025-12-24,18:10:50,1207,Male,31,Beauty,1,57.54,31.41,57.54
1520,2025-04-29,15:56:30,1492,Male,61,Sports,3,76.14,45.63,228.42
1521,2025-01-12,15:22:23,1196,Male,49,Beauty,2,61.76,36.71,123.52
1522,2025-06-28,13:23:58,1134,Female,28,Clothing,2,157.32,101.90,314.64
1523,2025-04-11,19:24:23,1025,Male,23,Home,2,80.80,51.10,161.60
1524,2025-05-09,11:59:16,1232,Male,36,Clothing,4,92.56,47.33,370.24
1525,2025-07-29,14:33:04,1119,Male,57,Clothing,3,126.47,96.72,379.41
1526,2025-04-01,14:30:27,1459,Male,33,Clothing,2,174.01,82.73,348.02
1527,2025-02-21,14:50:11,1274,Male,47,Electronics,1,382.52,239.50,382.52
1528,2025-04-06,14:00:20,1438,Male,35,Electronics,2,96.99,45.47,193.98
1529,2025-03-11,13:30:09,1434,Male,33,Sports,2,211.88,114.87,423.76
1530,2025-05-06,16:45:07,1366,Male,28,Electronics,1,698.70,401.44,698.70
1531,2025-01-01,14:33:51,1251,Female,53,Electronics,2,411.20,315.59,822.40
1532,2025-09-24,15:38:36,1368,Female,34,Electronics,2,414.30,254.76,828.60
1533,2025-01-19,13:38:23,1432,Female,25,Electronics,2,418.18,239.74,836.36
1534,2025-06-11,16:48:01,1111,Female,58,Home,2,173.98,121.85,347.96
1535,2025-03-13,17:19:25,1126,Male,19,Sports,1,227.84,132.55,227.84
1536,2025-12-31,16:56:13,1238,Male,44,Sports,1,76.43,50.54,76.43
1537,2025-02-21,14:03:22,1239,Female,59,Sports,1,37.97,27.37,37.97
1538,2025-10-10,16:59:55,1434,Female,22,Beauty,4,35.32,17.83,141.28
1539,2025-02-21,12:45:35,1139,Male,19,Electronics,2,597.15,357.07,1194.30
1540,2025-06-21,19:29:22,1319,Female,36,Beauty,2,99.13,73.51,198.26
1541,2025-09-07,16:32:02,1342,Male,27,Sports,3,106.92,63.63,320.76
1542,2025-11-22,14:09:48,1469,Male,23,Electronics,1,306.12,142.20,306.12
1543,2025-01-07,21:12:26,1292,Male,44,Home,2,312.61,199.29,625.22
1544,2025-04-18,09:04:10,1440,Male,34,Home,1,281.84,211.94,281.84
1545,2025-03-26,20:31:07,1041,Female,39,Electronics,4,883.16,675.94,3532.64
1546,2025-05-13,17:35:56,1462,Female,58,Electronics,3,511.90,371.47,1535.70
1547,2025-10-29,16:17:51,1305,Male,32,Home,1,168.84,128.35,168.84
1548,2025-06-03,16:46:25,1027,Female,34,Clothing,1,47.94,33.97,47.94
1549,2025-05-08,16:09:59,1051,Female,44,Home,1,164.17,78.27,164.17
1550,2025-03-25,17:59:42,1034,Female,21,Beauty,1,100.58,60.97,100.58
1551,2025-01-16,15:23:07,1158,Male,49,Sports,5,133.13,85.76,665.65
1552,2025-07-27,15:15:18,1125,Male,39,Clothing,2,75.71,36.14,151.42
1553,2025-02-12,11:47:00,1077,Female,49,Sports,3,234.91,159.77,704.73
1554,2025-03-19,21:00:30,1091,Male,26,Clothing,3,155.75,117.27,467.25
1555,2025-12-25,15:36:05,1021,Male,37,Beauty,2,19.09,14.82,38.18
1556,2025-11-11,09:59:12,1405,Male,43,Home,1,186.92,102.09,186.92
1557,2025-09-27,11:39:18,1071,Male,47,Electronics,2,293.19,199.66,586.38
1558,2025-02-19,16:14:44,1146,Male,43,Sports,3,172.95,124.07,518.85
1559,2025-07-03,21:19:18,1335,Female,44,Home,5,105.24,58.10,526.20
1560,2025-06-17,13:29:09,1361,Male,20,Clothing,1,116.09,56.37,116.09
1561,2025-08-18,12:46:04,1145,Female,62,Beauty,2,40.12,23.48,80.24
1562,2025-11-26,17:42:35,1374,Female,63,Clothing,1,98.35,49.34,98.35
1563,2025-04-09,15:03:02,1431,Female,42,Clothing,3,102.13,59.36,306.39
1564,2025-12-30,19:28:08,1418,Female,65,Sports,1,117.14,88.10,117.14
1565,2025-10-18,20:11:00,1446,Male,34,Beauty,5,66.12,32.99,330.60
1566,2025-03-13,14:38:31,1491,Female,30,Home,3,163.72,107.79,491.16
1567,2025-12-31,15:39:23,1173,Male,24,Beauty,2,101.55,52.77,203.10
1568,2025-06-20,18:54:47,1381,Female,51,Beauty,2,70.52,53.30,141.04
1569,2025-04-11,16:46:51,1021,Female,64,Electronics,5,317.96,190.97,1589.80
1570,2025-05-26,15:26:37,1322,Male,48,Home,2,163.52,121.31,327.04
1571,2025-10-20,13:20:53,1303,Male,46,Clothing,4,163.18,117.41,652.72
1572,2025-12-09,20:16:25,1136,Male,51,Clothing,3,59.38,31.40,178.14
1573,2025-01-02,15:04:51,1412,Female,52,Home,2,204.89,126.13,409.78
1574,2025-11-24,19:49:38,1340,Male,49,Sports,3,69.09,37.65,207.27
1575,2025-03-01,19:59:24,1288,Female,29,Electronics,3,244.21,116.32,732.63
1576,2025-11-28,14:30:01,1051,Male,65,Home,1,84.09,44.97,84.09
1577,2025-03-24,20:13:46,1084,Female,24,Home,5,122.41,83.02,612.05
1578,2025-11-24,11:09:55,1063,Male,33,Clothing,3,144.40,77.85,433.20
1579,2025-04-02,12:28:21,1063,Female,50,Clothing,1,128.54,61.38,128.54
1580,2025-02-17,15:24:51,1097,Female,64,Clothing,3,166.65,118.62,499.95
1581,2025-02-14,21:10:09,1176,Male,51,Home,2,201.14,151.89,402.28
1582,2025-11-20,15:21:54,1200,Female,24,Home,2,278.28,140.61,556.56
1583,2025-11-14,17:49:37,1383,Male,65,Clothing,4,126.84,77.77,507.36
1584,2025-08-23,15:41:23,1102,Male,20,Beauty,2,15.39,11.94,30.78
1585,2025-07-10,17:26:47,1429,Male,38,Sports,4,39.60,25.59,158.40
1586,2025-10-15,18:37:08,1243,Female,53,Sports,1,186.96,122.69,186.96
1587,2025-01-17,19:40:20,1126,Female,52,Home,4,123.90,58.00,495.60
1588,2025-06-03,17:08:44,1133,Female,27,Clothing,5,156.71,120.95,783.55
1589,2025-07-06,11:19:47,1154,Female,19,Clothing,1,69.20,33.27,69.20
1590,2025-03-12,20:38:38,1437,Male,41,Clothing,3,176.07,97.73,528.21
1591,2025-03-05,13:13:37,1410,Male,32,Clothing,3,73.28,51.23,219.84
1592,2025-02-10,19:35:59,1296,Female,53,Electronics,2,162.36,122.93,324.72
1593,2025-06-09,20:26:05,1337,Female,35,Home,1,73.81,56.22,73.81
1594,2025-01-03,12:30:02,1241,Female,43,Electronics,2,296.71,188.47,593.42
1595,2025-05-07,11:10:11,1333,Male,58,Home,3,180.50,88.77,541.50
1596,2025-12-16,16:26:00,1349,Female,54,Home,1,278.40,175.59,278.40
1597,2025-01-31,15:39:42,1199,Male,51,Clothing,5,46.11,27.01,230.55
1598,2025-10-24,14:15:39,1439,Male,63,Beauty,2,83.08,64.19,166.16
1599,2025-07-27,17:47:16,1354,Male,54,Clothing,1,124.33,83.48,124.33
1600,2025-03-09,18:14:15,1382,Male,64,Clothing,5,86.18,46.65,430.90
1601,2025-02-27,17:41:13,1368,Male,62,Clothing,1,41.58,20.69,41.58
1602,2025-11-28,19:55:23,1167,Female,42,Electronics,2,637.86,329.46,1275.72
1603,2025-11-22,12:24:22,1097,Male,49,Beauty,1,43.76,19.74,43.76
1604,2025-08-26,12:50:56,1427,Male,65,Beauty,2,45.35,33.60,90.70
1605,2025-03-14,14:11:27,1394,Male,48,Home,2,199.47,112.66,398.94
1606,2025-11-26,13:12:44,1443,Female,48,Sports,2,82.02,48.77,164.04
1607,2025-03-10,09:15:41,1249,Female,32,Sports,2,146.90,73.12,293.80
1608,2025-05-18,18:33:16,1354,Male,35,Sports,1,138.79,80.95,138.79
1609,2025-02-02,17:56:06,1124,Female,34,Home,3,272.48,172.61,817.44
1610,2025-11-11,17:59:33,1472,Male,58,Beauty,1,70.47,32.17,70.47
1611,2025-12-20,18:26:36,1175,Male,48,Clothing,1,41.81,29.36,41.81
1612,2025-05-09,18:17:37,1103,Female,60,Home,2,222.50,107.18,445.00
1613,2025-08-30,17:56:15,1167,Male,39,Beauty,2,94.69,58.02,189.38
1614,2025-08-09,21:01:44,1040,Male,54,Sports,4,73.20,37.89,292.80
1615,2025-07-31,16:47:04,1053,Female,63,Clothing,1,139.39,67.18,139.39
1616,2025-05-12,09:37:26,1062,Female,59,Electronics,1,448.87,252.48,448.87
1617,2025-05-02,17:05:51,1129,Male,20,Beauty,1,44.09,30.86,44.09
1618,2025-01-04,20:31:52,1111,Female,39,Clothing,1,103.07,65.96,103.07
1619,2025-01-01,15:22:59,1183,Female,53,Home,1,38.61,25.37,38.61
1620,2025-01-11,17:12:11,1422,Male,32,Home,1,264.38,137.21,264.38
1621,2025-03-09,14:03:42,1231,Male,57,Clothing,4,43.27,22.39,173.08
1622,2025-11-18,18:48:19,1428,Female,27,Home,1,296.76,170.57,296.76
1623,2025-03-29,15:34:11,1351,Female,24,Clothing,1,49.42,29.01,49.42
1624,2025-08-11,13:52:10,1137,Female,46,Clothing,2,179.57,114.42,359.14
1625,2025-08-18,15:39:53,1407,Female,35,Beauty,4,78.66,56.12,314.64
1626,2025-01-11,13:18:24,1396,Female,23,Sports,3,46.53,34.77,139.59
1627,2025-04-28,18:34:54,1058,Female,43,Sports,3,153.55,75.95,460.65
1628,2025-09-23,13:56:14,1410,Male,33,Sports,2,136.94,101.59,273.88
1629,2025-05-04,16:05:21,1269,Male,34,Clothing,3,110.08,51.14,330.24
1630,2025-09-09,19:13:08,1412,Male,62,Electronics,2,504.72,239.02,1009.44
1631,2025-11-21,16:47:48,1165,Female,28,Home,1,347.68,160.25,347.68
1632,2025-01-06,19:49:42,1354,Male,64,Clothing,3,74.99,53.74,224.97
1633,2025-10-27,11:44:12,1247,Male,46,Home,2,202.49,143.74,404.98
1634,2025-11-06,09:09:22,1161,Female,61,Clothing,2,166.71,116.42,333.42
1635,2025-05-14,12:34:52,1076,Female,36,Beauty,1,110.58,56.17,110.58
1636,2025-05-28,16:50:02,1161,Female,48,Clothing,1,92.38,59.84,92.38
1637,2025-01-02,17:56:15,1194,Female,58,Beauty,2,52.95,33.09,105.90
1638,2025-07-27,15:07:15,1212,Male,35,Electronics,2,892.35,415.99,1784.70
1639,2025-06-08,19:50:36,1193,Male,53,Home,1,230.01,119.29,230.01
1640,2025-07-30,17:39:35,1236,Female,19,Home,5,279.16,204.49,1395.80
1641,2025-09-27,13:04:03,1138,Male,25,Sports,2,78.15,58.13,156.30
1642,2025-09-28,18:16:40,1376,Female,59,Clothing,2,172.01,130.25,344.02
1643,2025-09-22,13:45:48,1097,Male,43,Clothing,1,49.00,33.31,49.00
1644,2025-11-13,18:46:10,1268,Female,44,Clothing,4,28.21,19.74,112.84
1645,2025-03-08,15:46:54,1271,Female,31,Clothing,1,173.92,104.78,173.92
1646,2025-01-21,19:18:40,1200,Male,40,Sports,1,105.94,78.21,105.94
1647,2025-04-06,15:14:46,1346,Female,39,Electronics,1,233.30,171.62,233.30
1648,2025-01-12,17:30:24,1158,Female,35,Sports,5,137.99,86.25,689.95
1649,2025-01-12,18:46:06,1189,Male,53,Home,4,196.00,106.02,784.00
1650,2025-03-10,16:53:44,1032,Female,20,Clothing,5,124.06,67.76,620.30
1651,2025-04-15,20:13:48,1422,Female,30,Home,1,112.47,76.92,112.47
1652,2025-07-22,18:51:09,1413,Male,23,Clothing,2,117.98,81.17,235.96
1653,2025-03-05,16:38:12,1124,Male,58,Electronics,1,483.92,320.61,483.92
1654,2025-04-26,10:26:54,1018,Male,23,Sports,2,160.73,112.55,321.46
1655,2025-06-17,21:06:29,1492,Female,53,Home,1,197.83,148.53,197.83
1656,2025-04-17,19:51:01,1301,Male,39,Home,1,65.84,42.60,65.84
1657,2025-01-07,14:24:21,1242,Female,34,Home,2,293.37,224.99,586.74
1658,2025-08-01,20:56:39,1349,Male,43,Beauty,1,98.17,46.05,98.17
1659,2025-06-09,17:51:07,1446,Female,24,Electronics,2,265.19,161.11,530.38
1660,2025-01-14,17:48:26,1100,Male,64,Clothing,2,58.42,29.14,116.84
1661,2025-05-03,16:21:21,1215,Male,23,Clothing,3,30.65,21.18,91.95
1662,2025-03-08,16:26:47,1022,Female,58,Clothing,1,147.76,112.11,147.76
1663,2025-08-08,16:50:47,1024,Male,25,Home,4,166.49,126.50,665.96
1664,2025-04-09,20:03:33,1454,Male,41,Beauty,1,107.88,79.56,107.88
1665,2025-01-14,15:43:29,1038,Female,65,Clothing,3,172.68,92.18,518.04
1666,2025-06-24,15:52:27,1261,Male,45,Electronics,4,478.02,282.07,1912.08
1667,2025-10-15,17:09:39,1108,Female,36,Home,1,42.91,32.00,42.91
1668,2025-01-03,19:28:49,1100,Female,37,Clothing,4,158.74,110.02,634.96
1669,2025-09-28,12:02:13,1120,Female,57,Home,3,47.09,28.21,141.27
1670,2025-12-22,09:52:03,1260,Female,54,Electronics,1,133.17,85.16,133.17
1671,2025-01-09,18:28:16,1299,Male,43,Home,2,255.97,168.06,511.94
1672,2025-11-16,17:24:55,1400,Female,53,Electronics,3,702.79,473.01,2108.37
1673,2025-08-22,11:33:18,1075,Female,55,Beauty,1,114.95,64.26,114.95
1674,2025-02-22,14:49:32,1455,Female,54,Electronics,1,879.38,446.54,879.38
1675,2025-04-08,12:53:49,1414,Male,36,Home,2,278.41,177.09,556.82
1676,2025-01-29,15:44:01,1286,Female,27,Beauty,3,27.36,21.09,82.08
1677,2025-01-16,17:11:47,1111,Female,53,Sports,2,186.61,97.55,373.22
1678,2025-12-10,17:58:23,1333,Male,51,Clothing,3,164.05,119.08,492.15
1679,2025-05-26,19:57:22,1492,Female,60,Clothing,3,47.08,30.66,141.24
1680,2025-06-24,10:51:54,1402,Male,43,Electronics,3,374.15,221.97,1122.45
1681,2025-05-17,11:35:24,1294,Female,40,Beauty,3,22.64,10.30,67.92
1682,2025-09-04,19:06:43,1426,Male,30,Home,1,130.38,98.42,130.38
1683,2025-03-03,14:12:49,1137,Female,52,Clothing,3,116.08,84.79,348.24
1684,2025-05-20,17:02:54,1016,Male,48,Home,3,30.31,18.78,90.93
1685,2025-11-04,15:56:24,1033,Male,25,Home,2,274.24,130.20,548.48
1686,2025-12-09,13:39:21,1422,Male,21,Sports,1,106.29,70.57,106.29
1687,2025-02-11,14:38:04,1440,Female,21,Beauty,4,96.23,59.87,384.92
1688,2025-10-26,21:41:26,1322,Male,21,Home,1,100.56,45.81,100.56
1689,2025-09-11,16:38:18,1201,Male,21,Home,1,173.69,101.27,173.69
1690,2025-07-30,17:38:08,1177,Male,53,Home,2,268.68,176.36,537.36
1691,2025-08-31,20:59:03,1083,Male,34,Clothing,3,170.17,91.33,510.51
1692,2025-04-10,13:29:14,1046,Male,38,Beauty,1,112.71,84.78,112.71
1693,2025-07-25,12:34:59,1041,Female,18,Clothing,4,179.40,120.87,717.60
1694,2025-02-10,17:00:24,1058,Male,45,Clothing,3,104.56,51.62,313.68
1695,2025-09-11,16:22:24,1063,Male,31,Beauty,2,108.60,59.88,217.20
1696,2025-10-31,10:10:55,1297,Female,21,Clothing,2,86.32,66.56,172.64
1697,2025-02-18,15:18:03,1122,Female,31,Home,2,296.24,185.53,592.48
1698,2025-03-14,20:47:50,1256,Male,29,Clothing,2,154.26,114.12,308.52
1699,2025-10-29,16:11:06,1322,Male,34,Electronics,1,878.42,553.60,878.42
1700,2025-09-09,19:43:38,1225,Male,45,Sports,3,73.27,38.85,219.81
1701,2025-02-28,19:11:34,1349,Female,44,Clothing,3,60.48,46.37,181.44
1702,2025-01-12,16:44:37,1279,Female,43,Home,2,348.23,237.16,696.46
1703,2025-07-26,19:31:15,1461,Female,51,Home,3,76.89,43.86,230.67
1704,2025-01-02,15:09:05,1338,Male,29,Clothing,3,79.14,37.86,237.42
1705,2025-07-21,18:42:23,1008,Female,52,Sports,3,235.52,137.46,706.56
1706,2025-03-18,18:33:41,1395,Male,22,Sports,2,51.91,39.96,103.82
1707,2025-11-01,21:35:37,1274,Female,33,Beauty,1,78.94,49.77,78.94
1708,2025-01-09,21:08:57,1471,Male,39,Home,3,334.45,175.87,1003.35
1709,2025-10-05,16:46:38,1367,Female,50,Sports,1,169.13,109.91,169.13
1710,2025-11-09,16:40:04,1332,Male,36,Beauty,2,80.74,61.98,161.48
1711,2025-01-19,18:28:05,1183,Male,33,Sports,2,112.38,57.84,224.76
1712,2025-12-03,13:59:39,1232,Female,42,Home,1,338.33,222.34,338.33
1713,2025-08-25,16:34:31,1197,Male,57,Electronics,2,437.90,319.24,875.80
1714,2025-03-08,14:36:12,1253,Male,59,Electronics,1,638.88,423.18,638.88
1715,2025-12-16,17:15:23,1027,Female,19,Electronics,3,791.59,458.13,2374.77
1716,2025-11-14,15:29:36,1020,Male,61,Clothing,2,68.34,48.31,136.68
1717,2025-06-25,19:17:16,1094,Female,47,Electronics,2,240.81,173.15,481.62
1718,2025-05-31,13:15:40,1488,Male,61,Electronics,1,552.36,319.90,552.36
1719,2025-04-24,20:12:34,1492,Male,39,Beauty,3,42.38,31.88,127.14
1720,2025-04-06,16:21:46,1478,Female,29,Sports,1,98.97,63.33,98.97
1721,2025-07-26,21:14:55,1356,Male,39,Electronics,2,720.98,377.63,1441.96
1722,2025-09-16,12:45:25,1190,Female,19,Sports,1,132.62,76.58,132.62
1723,2025-10-14,14:39:20,1388,Female,61,Clothing,1,65.56,36.14,65.56
1724,2025-11-16,12:43:57,1263,Male,25,Sports,1,157.77,81.36,157.77
1725,2025-12-27,15:15:17,1407,Male,23,Home,1,97.26,54.21,97.26
1726,2025-08-21,12:52:20,1104,Male,31,Home,4,147.16,105.92,588.64
1727,2025-09-01,18:33:06,1122,Female,46,Sports,5,30.53,16.42,152.65
1728,2025-03-18,18:41:51,1056,Female,23,Clothing,2,79.85,52.16,159.70
1729,2025-03-04,18:33:30,1288,Male,56,Home,2,72.12,38.92,144.24
1730,2025-03-08,13:32:33,1286,Female,43,Clothing,1,46.21,33.13,46.21
1731,2025-08-08,15:20:55,1396,Female,46,Electronics,4,309.22,153.25,1236.88
1732,2025-12-28,15:21:47,1458,Female,52,Electronics,2,680.97,388.17,1361.94
1733,2025-06-12,19:53:39,1148,Male,50,Clothing,4,173.49,133.47,693.96
1734,2025-12-21,15:21:01,1070,Male,20,,2,149.25,78.47,298.50
1735,2025-11-28,20:04:15,1068,Male,38,Sports,1,35.93,20.20,35.93
1736,2025-01-18,16:40:40,1218,Male,61,Clothing,4,72.01,44.88,288.04
1737,2025-07-16,15:39:45,1252,Male,49,Sports,5,178.78,105.41,893.90
1738,2025-11-23,19:46:18,1330,Female,27,Home,4,71.52,55.43,286.08
1739,2025-12-27,13:23:18,1108,Male,51,Clothing,3,151.10,108.27,453.30
1740,2025-02-24,18:12:53,1033,Male,30,Electronics,2,800.50,525.83,1601.00
1741,2025-11-16,11:24:47,1005,Male,51,Clothing,1,65.67,45.10,65.67
1742,2025-08-26,15:34:10,1393,Female,43,Electronics,2,151.42,107.46,302.84
1743,2025-06-29,16:20:16,1383,Female,53,Electronics,2,476.74,350.26,953.48
1744,2025-01-17,14:39:05,1262,Female,42,Sports,3,147.37,85.40,442.11
1745,2025-10-09,20:45:28,1492,Male,59,Beauty,3,21.65,11.16,64.95
1746,2025-04-22,20:41:37,1495,Male,19,Beauty,2,33.12,21.10,66.24
1747,2025-11-11,13:26:56,1088,Male,64,Beauty,4,49.33,23.43,197.32
1748,2025-06-05,13:35:09,1122,Male,38,Electronics,1,656.03,420.26,656.03
1749,2025-10-04,13:35:19,1137,Female,25,Beauty,3,82.68,61.28,248.04
1750,2025-04-23,12:25:18,1127,Male,54,Beauty,2,105.87,80.94,211.74
1751,2025-09-13,17:46:07,1093,Female,56,Home,2,305.40,156.26,610.80
1752,2025-03-31,16:10:03,1170,Male,60,Sports,2,127.76,78.48,255.52
1753,2025-02-27,13:45:57,1419,Female,26,Electronics,4,537.82,285.15,2151.28
1754,2025-03-18,09:43:48,1498,Male,26,Home,3,157.08,115.42,471.24
1755,2025-10-08,13:02:56,1023,Female,53,Beauty,3,100.14,60.45,300.42
1756,2025-09-15,16:36:28,1179,Male,62,Home,2,255.58,158.39,511.16
1757,2025-04-05,13:34:25,1474,Male,20,Clothing,1,68.11,51.38,68.11
1758,2025-11-27,11:36:54,1407,Female,25,Beauty,4,51.42,39.33,205.68
1759,2025-10-20,20:55:05,1012,Male,59,Electronics,3,718.96,462.77,2156.88
1760,2025-06-28,17:05:19,1102,Female,35,Electronics,1,682.64,445.07,682.64
1761,2025-04-11,20:36:26,1241,Male,31,Home,2,189.96,92.70,379.92
1762,2025-07-23,10:09:46,1078,Male,31,Clothing,4,159.34,122.19,637.36
1763,2025-07-29,16:42:08,1028,Male,56,Home,1,245.50,141.47,245.50
1764,2025-02-23,12:11:02,1062,Male,46,Clothing,3,78.16,48.82,234.48
1765,2025-08-13,20:12:59,1319,Male,20,Clothing,2,54.83,28.44,109.66
1766,2025-01-07,17:29:41,1449,Female,51,Clothing,1,143.48,69.32,143.48
1767,2025-05-26,09:35:43,1203,Male,39,Sports,1,152.58,75.44,152.58
1768,2025-11-02,14:08:01,1431,Male,62,Home,1,348.26,200.45,348.26
1769,2025-02-03,19:47:41,1001,Male,63,Electronics,1,568.89,386.39,568.89
1770,2025-09-12,19:49:06,1118,Female,25,Clothing,5,54.57,34.46,272.85
1771,2025-10-04,15:19:48,1474,Male,31,Home,1,112.99,78.54,112.99
1772,2025-03-21,09:30:59,1028,Female,25,Beauty,1,32.01,19.63,32.01
1773,2025-01-31,13:39:03,1227,Male,45,Beauty,2,77.04,37.97,154.08
1774,2025-05-25,16:57:06,1176,Female,34,Sports,4,56.48,37.19,225.92
1775,2025-01-04,13:45:55,1147,Male,33,Clothing,2,27.61,20.67,55.22
1776,2025-09-12,17:49:40,1232,Female,45,Sports,1,90.90,54.19,90.90
1777,2025-12-13,19:22:23,1146,Female,29,Sports,4,77.79,38.52,311.16
1778,2025-05-09,16:00:07,1023,Male,25,Home,1,194.54,89.25,194.54
1779,2025-07-31,17:06:28,1205,Female,23,Beauty,1,59.50,27.03,59.50
1780,2025-02-19,19:42:23,1230,Male,27,Electronics,1,792.11,446.03,792.11
1781,2025-02-01,16:12:32,1022,Female,46,Clothing,3,33.35,18.66,100.05
1782,2025-01-25,19:18:23,1497,Female,49,Beauty,1,99.11,67.63,99.11
1783,2025-01-13,09:27:11,1179,Female,46,Beauty,1,60.10,27.63,60.10
1784,2025-03-03,17:21:12,1344,Male,56,Beauty,4,101.37,60.32,405.48
1785,2025-05-11,19:56:25,1224,Male,23,Beauty,1,21.73,10.77,21.73
1786,2025-09-01,09:03:17,1207,Female,45,Clothing,2,174.59,80.00,349.18
1787,2025-02-04,19:03:28,1302,Female,60,Beauty,1,110.96,77.36,110.96
1788,2025-05-15,17:34:49,1483,Male,63,Electronics,3,653.95,444.57,1961.85
1789,2025-10-21,09:15:42,1363,Male,38,Home,2,43.54,26.80,87.08
1790,2025-10-29,14:53:38,1421,Female,43,Home,2,199.34,104.42,398.68
1791,2025-02-03,13:37:28,1351,Male,44,Beauty,1,73.44,43.01,73.44
1792,2025-07-15,21:09:13,1249,Female,21,Beauty,1,74.96,54.29,74.96
1793,2025-06-15,16:13:47,1353,Female,55,Electronics,2,173.43,124.23,346.86
1794,2025-02-04,18:58:16,1085,Female,60,Clothing,1,58.22,35.05,58.22
1795,2025-10-04,19:06:05,1211,Male,28,Electronics,2,620.60,414.53,1241.20
1796,2025-05-13,11:59:57,1480,Male,33,Beauty,2,88.69,54.92,177.38
1797,2025-09-16,20:49:37,1230,Male,25,Clothing,1,93.89,68.16,93.89
1798,2025-09-15,17:18:59,1339,Male,22,Sports,4,233.46,128.49,933.84
1799,2025-03-12,12:07:28,1485,Female,51,Electronics,2,840.22,500.20,1680.44
1800,2025-09-17,15:59:00,1277,Male,21,Home,1,113.04,68.56,113.04
1801,2025-08-31,17:53:53,1093,Male,42,Electronics,2,325.64,228.70,651.28
1802,2025-12-09,11:10:32,1457,Female,61,Home,1,116.53,78.22,116.53
1803,2025-10-14,20:09:29,1372,Female,55,Sports,4,174.16,116.57,696.64
1804,2025-01-26,14:37:22,1118,Male,34,Sports,2,40.34,19.65,80.68
1805,2025-08-07,10:57:35,1329,Male,29,Beauty,3,85.79,54.27,257.37
1806,2025-04-25,15:24:22,1055,Female,55,Home,3,287.54,167.17,862.62
1807,2025-05-30,17:56:38,1475,Female,62,Electronics,2,764.77,482.14,1529.54
1808,2025-05-16,20:27:01,1137,Female,50,Beauty,1,21.80,13.84,21.80
1809,2025-02-22,15:10:59,1183,Male,58,Beauty,1,71.98,44.33,71.98
1810,2025-10-21,21:49:14,1137,Female,52,Home,1,102.94,61.13,102.94
1811,2025-05-13,15:09:48,1270,Female,56,Electronics,2,428.43,201.76,856.86
1812,2025-06-03,11:53:07,1301,Male,40,Electronics,2,889.45,448.17,1778.90
1813,2025-04-15,18:06:14,1110,Female,64,Beauty,1,15.04,8.00,15.04
1814,2025-05-11,14:32:06,1206,Female,62,Clothing,4,50.66,27.45,202.64
1815,2025-06-04,16:16:07,1316,Male,45,Beauty,1,18.31,9.99,18.31
1816,2025-01-15,19:26:25,1433,Male,48,Home,4,184.96,128.86,739.84
1817,2025-09-22,12:16:38,1276,Male,52,Electronics,1,824.19,479.87,824.19
1818,2025-10-10,12:17:05,1227,Female,44,Electronics,3,896.13,651.59,2688.39
1819,2025-11-15,13:25:40,1193,Female,52,Beauty,2,84.63,63.64,169.26
1820,2025-12-24,21:25:44,1317,Female,37,Sports,1,107.67,80.16,107.67
1821,2025-02-16,14:37:16,1161,Male,25,Clothing,2,45.89,23.39,91.78
1822,2025-12-18,19:23:15,1357,Female,62,Clothing,2,42.58,25.10,85.16
1823,2025-02-01,13:38:34,1386,Female,31,Beauty,5,41.10,27.28,205.50
1824,2025-02-21,16:16:20,1191,Male,42,Beauty,2,20.16,13.41,40.32
1825,2025-06-04,19:19:33,1498,Female,29,Clothing,5,167.68,113.22,838.40
1826,2025-05-21,19:47:55,1286,Female,45,Beauty,3,20.25,10.86,60.75
1827,2025-01-08,19:59:19,1162,Female,41,Beauty,2,61.53,28.28,123.06
1828,2025-08-19,19:19:49,1164,Male,30,Home,1,287.68,141.88,287.68
1829,2025-07-09,14:25:56,1196,Male,58,Clothing,3,89.90,42.06,269.70
1830,2025-07-23,17:38:38,1178,Male,21,Clothing,2,169.45,124.09,338.90
1831,2025-03-02,13:18:11,1494,Female,45,Sports,3,130.02,71.84,390.06
1832,2025-03-10,18:39:04,1200,Male,24,Clothing,5,68.54,32.93,342.70
1833,2025-09-15,19:16:34,1409,Female,21,Clothing,2,165.19,80.24,330.38
1834,2025-10-29,16:25:30,1365,Female,53,Clothing,1,160.57,103.81,160.57
1835,2025-07-03,16:50:57,1007,Female,46,Clothing,3,136.33,99.71,408.99
1836,2025-11-23,19:04:09,1374,Male,28,Clothing,1,106.96,74.95,106.96
1837,2025-09-03,15:27:22,1357,Female,52,Clothing,5,110.89,73.16,554.45
1838,2025-07-08,21:32:11,1159,Male,25,Electronics,1,649.67,361.88,649.67
1839,2025-05-10,15:48:17,1025,Male,61,Sports,3,78.53,42.73,235.59
1840,2025-08-28,15:09:55,1101,Male,25,Clothing,5,55.00,42.62,275.00
1841,2025-05-27,18:39:48,1378,Female,61,Sports,5,188.69,112.98,943.45
1842,2025-07-23,18:15:42,1151,Male,49,Clothing,4,54.70,34.34,218.80
1843,2025-12-17,13:04:57,1244,Female,63,Clothing,3,109.15,51.54,327.45
1844,2025-07-18,21:52:02,1131,Female,63,Electronics,2,107.22,76.30,214.44
1845,2025-04-28,14:34:32,1425,Male,35,Electronics,4,268.14,198.63,1072.56
1846,2025-01-07,10:58:55,1359,Male,50,Clothing,2,160.25,98.83,320.50
1847,2025-09-21,20:53:27,1177,Male,35,Clothing,5,167.10,89.62,835.50
1848,2025-08-07,10:34:13,1420,Female,62,Clothing,1,118.43,80.83,118.43
1849,2025-10-10,12:41:43,1334,Female,33,Electronics,2,181.13,138.91,362.26
1850,2025-09-20,17:55:34,1377,Female,57,Electronics,2,428.98,265.87,857.96
1851,2025-03-21,20:48:44,1307,Male,37,Sports,2,92.34,45.60,184.68
1852,2025-09-03,12:53:28,1349,Male,34,Beauty,1,18.83,13.00,18.83
1853,2025-11-03,16:24:45,1130,Male,35,Clothing,2,56.58,29.69,113.16
1854,2025-08-19,12:15:15,1291,Male,27,Sports,3,246.63,151.67,739.89
1855,2025-07-20,20:10:56,1291,Male,29,Electronics,1,502.04,321.69,502.04
1856,2025-04-19,13:07:02,1418,Male,18,Clothing,1,52.24,24.59,52.24
1857,2025-09-25,15:27:24,1059,Male,19,Electronics,3,597.73,379.07,1793.19
1858,2025-12-13,16:24:07,1006,Male,36,Clothing,1,84.48,39.74,84.48
1859,2025-05-01,20:18:59,1164,Male,59,Sports,3,155.62,110.40,466.86
1860,2025-05-22,15:48:49,1439,Male,30,Beauty,5,57.91,32.11,289.55
1861,2025-12-13,19:02:00,1102,Male,47,Home,1,159.37,91.18,159.37
1862,2025-05-23,21:47:37,1195,Female,22,Beauty,1,109.81,65.10,109.81
1863,2025-12-09,15:17:05,1038,Male,59,Beauty,4,53.95,36.90,215.80
1864,2025-12-27,19:14:18,1001,Female,52,Beauty,3,56.88,42.80,170.64
1865,2025-05-18,18:30:02,1268,Male,41,Home,2,273.27,172.41,546.54
1866,2025-05-31,17:24:34,1372,Female,28,Beauty,1,63.21,33.33,63.21
1867,2025-08-10,17:33:57,1326,Male,48,Electronics,2,639.35,452.61,1278.70
1868,2025-02-07,15:23:51,1303,Female,29,Beauty,2,103.61,77.29,207.22
1869,2025-01-12,18:15:08,1012,Male,26,Beauty,5,88.66,53.20,443.30
1870,2025-11-20,16:35:53,1447,Male,42,Clothing,2,176.56,79.79,353.12
1871,2025-10-20,15:08:04,1402,Female,41,Beauty,5,48.01,28.90,240.05
1872,2025-08-22,14:05:42,1383,Male,49,Clothing,3,118.33,57.02,354.99
1873,2025-12-11,19:41:35,1075,Female,23,Electronics,5,565.62,335.86,2828.10
1874,2025-04-01,12:38:30,1172,Male,46,Clothing,5,134.61,99.84,673.05
1875,2025-07-07,14:08:06,1422,Female,61,Clothing,4,100.35,55.72,401.40
1876,2025-09-16,12:54:36,1073,Male,41,Beauty,2,15.01,11.40,30.02
1877,2025-01-26,11:25:14,1474,Female,44,Clothing,1,33.19,24.00,33.19
1878,2025-05-23,19:30:11,1258,Male,53,Electronics,4,807.69,438.09,3230.76
1879,2025-01-30,11:33:41,1485,Male,28,Home,1,259.46,128.42,259.46
1880,2025-08-03,11:59:34,1474,Female,18,Beauty,2,21.19,13.47,42.38
1881,2025-12-24,18:03:05,1060,Female,18,Electronics,4,771.95,375.20,3087.80
1882,2025-12-03,11:11:27,1042,Male,65,Beauty,4,114.44,68.14,457.76
1883,2025-10-19,12:02:02,1237,Male,45,Electronics,1,638.00,388.97,638.00
1884,2025-12-25,19:41:05,1450,Female,53,Home,1,253.72,168.25,253.72
1885,2025-10-18,16:26:37,1285,Male,44,Beauty,1,77.49,46.95,77.49
1886,2025-03-01,15:46:05,1492,Male,48,Clothing,2,73.18,38.08,146.36
1887,2025-02-06,10:21:02,1079,Female,53,Electronics,3,410.69,194.12,1232.07
1888,2025-06-01,13:56:50,1405,Female,46,Clothing,3,143.41,80.50,430.23
1889,2025-03-19,15:03:25,1442,Female,52,Beauty,2,93.26,60.07,186.52
1890,2025-04-23,21:16:57,1154,Male,53,Beauty,3,33.57,19.35,100.71
1891,2025-11-19,21:19:25,1469,Male,52,Clothing,2,76.77,45.80,153.54
1892,2025-05-22,18:25:23,1230,Female,40,Clothing,1,173.94,110.68,173.94
1893,2025-01-05,17:34:59,1171,Female,24,Clothing,1,122.49,56.23,122.49
1894,2025-11-04,11:14:06,1487,Male,24,Beauty,2,68.29,44.28,136.58
1895,2025-12-18,09:21:51,1152,Female,61,Beauty,1,87.11,57.42,87.11
1896,2025-07-27,18:23:58,1120,Female,35,Home,1,56.61,25.49,56.61
1897,2025-02-12,17:11:28,1462,Female,54,Beauty,1,116.01,85.13,116.01
1898,2025-12-25,20:05:20,1057,Female,31,Sports,4,234.02,132.11,936.08
1899,2025-12-02,18:37:16,1226,Female,20,Beauty,4,19.60,9.47,78.40
1900,2025-08-15,18:54:08,1238,Male,40,Home,2,218.76,100.47,437.52
1901,2025-04-29,17:53:04,1025,Male,43,Clothing,1,130.02,71.56,130.02
1902,2025-01-07,13:57:37,1061,Male,35,Beauty,4,113.46,67.10,453.84
1903,2025-09-17,17:48:18,1033,Male,52,Clothing,1,120.08,62.81,120.08
1904,2025-12-01,15:39:39,1457,Male,52,Beauty,1,94.80,54.35,94.80
1905,2025-10-18,15:02:23,1199,Male,20,Clothing,2,174.38,111.71,348.76
1906,2025-11-26,09:36:27,1483,Male,22,Electronics,2,668.05,310.34,1336.10
1907,2025-12-23,20:30:32,1137,Male,63,Sports,1,70.09,51.16,70.09
1908,2025-06-07,17:23:55,1116,Male,18,Beauty,3,63.14,46.05,189.42
1909,2025-06-21,14:13:10,1325,Female,18,Clothing,2,57.94,30.95,115.88
1910,2025-07-20,13:06:29,1276,Female,29,Electronics,3,594.74,380.03,1784.22
1911,2025-03-18,13:14:19,1170,Male,22,Clothing,2,147.06,97.39,294.12
1912,2025-08-04,19:02:22,1126,Male,58,Home,4,203.12,125.62,812.48
1913,2025-05-05,09:56:57,1060,Male,42,Beauty,1,38.09,28.80,38.09
1914,2025-05-25,20:21:59,1467,Female,39,Home,2,348.73,269.94,697.46
1915,2025-08-19,14:36:55,1096,Male,28,Electronics,2,566.75,286.36,1133.50
1916,2025-01-24,13:53:15,1215,Male,18,Sports,2,52.54,32.67,105.08
1917,2025-02-09,14:29:56,1013,Male,18,Sports,3,46.34,33.73,139.02
1918,2025-04-26,18:35:00,1093,Male,45,Home,2,83.84,54.55,167.68
1919,2025-12-05,13:22:58,1467,Male,51,Electronics,1,480.84,274.46,480.84
1920,2025-02-18,16:49:07,1258,Female,31,Electronics,2,352.50,243.58,705.00
1921,2025-06-10,17:29:44,1499,Female,28,Home,2,60.14,27.95,120.28
1922,2025-01-26,18:49:21,1470,Male,48,Electronics,2,742.80,387.19,1485.60
1923,2025-10-08,21:38:09,1261,Female,29,Home,5,118.36,65.41,591.80
1924,2025-01-28,17:32:08,1087,Female,28,Clothing,1,52.53,28.74,52.53
1925,2025-03-07,17:53:14,1070,Male,21,Clothing,2,68.00,36.86,136.00
1926,2025-04-19,18:59:47,1441,Male,22,Beauty,2,115.12,74.69,230.24
1927,2025-04-11,18:43:08,1377,Male,26,Clothing,1,57.22,43.44,57.22
1928,2025-12-23,12:54:08,1067,Female,49,Beauty,3,112.69,54.55,338.07
1929,2025-07-10,18:02:57,1398,Male,50,Clothing,1,77.00,41.09,77.00
1930,2025-04-11,09:52:03,1177,Male,46,Beauty,4,52.37,25.22,209.48
1931,2025-10-03,13:49:04,1351,Male,59,Clothing,2,117.72,87.29,235.44
1932,2025-12-18,21:04:30,1153,Female,56,Clothing,2,171.46,131.24,342.92
1933,2025-04-22,12:50:01,1135,Male,65,Electronics,2,306.24,177.41,612.48
1934,2025-03-19,17:51:55,1104,Male,44,Beauty,2,67.61,42.86,135.22
1935,2025-07-08,21:26:53,1497,Female,47,Sports,1,221.71,116.88,221.71
1936,2025-07-21,20:05:36,1263,Female,41,Beauty,1,46.84,32.87,46.84
1937,2025-05-11,14:02:28,1495,Female,43,Sports,2,177.52,90.93,355.04
1938,2025-04-26,17:22:00,1155,Female,28,Beauty,1,28.59,14.14,28.59
1939,2025-03-02,11:09:16,1111,Female,60,Clothing,1,153.46,102.20,153.46
1940,2025-12-23,14:43:09,1052,Male,52,Home,2,333.73,225.87,667.46
1941,2025-02-20,18:59:26,1076,Male,64,Beauty,1,101.17,65.58,101.17
1942,2025-12-16,15:14:12,1287,Female,33,Sports,5,185.64,100.80,928.20
1943,2025-08-24,21:11:56,1188,Male,41,Electronics,1,264.43,136.65,264.43
1944,2025-01-18,19:15:04,1041,Female,60,Electronics,2,412.65,283.57,825.30
1945,2025-07-09,19:49:46,1200,Female,49,Beauty,2,62.62,46.67,125.24
1946,2025-05-18,18:57:58,1326,Female,30,Beauty,2,40.19,24.35,80.38
1947,2025-05-19,15:59:46,1305,Female,22,Beauty,1,110.12,55.99,110.12
1948,2025-05-27,15:34:44,1466,Male,54,Beauty,2,103.07,78.35,206.14
1949,2025-09-18,11:21:11,1390,Female,56,Clothing,2,146.91,84.59,293.82
1950,2025-06-04,19:11:07,1437,Male,18,Beauty,1,117.99,67.42,117.99
1951,2025-10-29,21:17:11,1198,Male,36,Clothing,1,128.49,80.91,128.49
1952,2025-04-11,14:57:10,1482,Female,25,Beauty,1,48.26,33.16,48.26
1953,2025-01-29,16:26:14,1337,Female,32,Clothing,4,165.66,76.19,662.64
1954,2025-11-27,18:07:31,1482,Female,28,Clothing,2,43.64,27.54,87.28
1955,2025-02-17,20:35:17,1163,Male,31,Beauty,1,116.79,87.10,116.79
1956,2025-08-10,20:32:51,1236,Female,35,Home,3,238.16,110.99,714.48
1957,2025-09-12,13:10:55,1332,Male,62,Electronics,4,733.24,528.46,2932.96
1958,2025-04-24,20:29:28,1068,Female,43,Home,1,160.16,72.25,160.16
1959,2025-05-23,20:41:52,1024,Female,27,Home,1,328.38,248.29,328.38
1960,2025-07-08,14:33:42,1024,Male,19,Sports,3,131.28,90.68,393.84
1961,2025-02-03,14:20:29,1340,Male,25,Beauty,1,78.44,50.15,78.44
1962,2025-03-05,18:13:48,1204,Male,49,Sports,1,228.94,117.99,228.94
1963,2025-11-15,15:45:09,1266,Female,29,Sports,2,26.16,16.74,52.32
1964,2025-11-20,19:50:15,1177,Male,64,Beauty,3,79.61,58.41,238.83
1965,2025-12-16,13:15:09,1087,Male,58,Home,1,290.70,189.90,290.70
1966,2025-09-25,17:11:00,1148,Female,48,Home,3,295.06,154.40,885.18
1967,2025-07-01,13:14:27,1219,Male,50,Beauty,2,18.65,13.98,37.30
1968,2025-10-10,21:02:32,1096,Female,56,Beauty,3,115.76,82.92,347.28
1969,2025-04-13,15:06:00,1252,Male,27,Beauty,4,52.19,37.67,208.76
1970,2025-10-11,13:35:43,1287,Male,63,Clothing,3,158.15,115.10,474.45
1971,2025-08-11,20:48:16,1274,Female,43,Beauty,3,49.05,24.19,147.15
1972,2025-04-18,21:13:44,1079,Male,28,Sports,2,136.92,95.70,273.84
1973,2025-05-30,14:09:22,1287,Male,63,Home,2,347.06,177.27,694.12
1974,2025-07-01,15:24:11,1421,Female,31,Beauty,2,20.18,14.63,40.36
1975,2025-11-22,19:30:55,1409,Male,22,Sports,1,46.39,26.95,46.39
1976,2025-09-09,14:52:15,1004,Female,60,Beauty,5,104.96,73.98,524.80
1977,2025-12-01,17:09:00,1455,Male,32,Home,3,85.84,53.04,257.52
1978,2025-05-27,17:14:36,1425,Female,60,Beauty,3,21.64,15.38,64.92
1979,2025-01-24,15:16:36,1038,Male,58,Electronics,2,382.00,262.71,764.00
1980,2025-02-06,11:49:58,1345,Female,39,Beauty,5,16.78,8.06,83.90
1981,2025-07-12,17:13:37,1165,Female,53,Beauty,1,99.51,71.16,99.51
1982,2025-03-12,09:10:27,1500,Male,60,Clothing,3,121.53,58.54,364.59
1983,2025-12-05,11:19:04,1482,Male,54,Clothing,4,136.05,89.07,544.20
1984,2025-08-25,16:41:29,1208,Male,54,Sports,1,129.15,76.29,129.15
1985,2025-09-05,13:51:38,1395,Male,26,Beauty,3,55.89,33.64,167.67
1986,2025-06-23,18:33:34,1319,Female,59,Electronics,4,368.98,280.01,1475.92
1987,2025-11-20,18:57:58,1358,Female,30,Clothing,3,39.21,21.90,117.63
1988,2025-04-07,10:32:43,1372,Female,29,Clothing,1,47.43,30.52,47.43
1989,2025-06-30,19:49:22,1249,Female,35,Sports,2,149.50,112.75,299.00
1990,2025-09-03,09:03:00,1072,Female,53,Beauty,2,47.15,33.08,94.30
1991,2025-09-12,15:36:28,1304,Female,37,Sports,3,40.48,23.37,121.44
1992,2025-06-27,15:02:16,1440,Female,20,Clothing,1,62.86,32.86,62.86
1993,2025-04-12,10:47:24,1500,Female,54,Beauty,2,34.58,16.46,69.16
1994,2025-11-22,17:22:08,1292,Female,32,Beauty,2,20.20,12.20,40.40
1995,2025-01-05,13:22:07,1083,Male,47,Beauty,1,36.67,28.45,36.67
1996,2025-06-10,17:58:33,1318,Female,57,Beauty,2,111.87,66.39,223.74
1997,2025-06-02,21:48:16,1448,Female,65,Clothing,3,134.90,95.95,404.70
1998,2025-06-06,17:25:36,1476,Male,56,Clothing,4,134.38,72.70,537.52
1999,2025-08-19,14:36:56,1139,Female,34,Clothing,4,142.66,97.13,570.64
2000,2025-03-29,12:03:37,1169,Female,26,Electronics,5,471.16,365.69,2355.80
